col_1,col_2,col_3,col_4,col_5,col_6,col_7,col_8,col_9,col_10
49.67141530112327,,D,276,717,920,-98.46547848472625,2020-08-07,-89.03770582600778,2020-07-15
-13.826430117118466,,A,60,489,549,-79.25234471152126,2020-01-08,62.761121259245044,2020-05-12
64.76885381006925,120.65089665083568,B,318,493,13,-42.35985817281771,,-90.68077260268592,2020-09-11
152.30298564080255,-81.6935670987236,E,889,313,391,-136.56174041901494,2020-10-01,157.23062561857773,2020-08-07
-23.415337472333597,36.867330887290116,E,51,605,346,-97.41218462163684,2020-12-18,-90.09700184262552,
-23.413695694918054,-39.33388123273607,A,855,374,309,70.34279167873088,2020-03-06,-246.19797058899167,2020-02-10
157.92128155073914,2.8744822934817487,,152,638,385,-130.7369782230964,,-78.88492497413012,
76.74347291529088,127.84518626072988,C,748,936,208,-159.78721344948377,2020-03-26,-26.130011056889497,2020-01-02
-46.947438593495214,19.109906801990334,A,310,24,356,-63.00249795338944,2020-05-03,108.23538731623088,2020-07-13
54.25600435859646,4.643654815614881,A,813,333,973,73.19555025098458,2020-07-20,-125.84148305649208,2020-08-29
-46.34176928124623,-135.9856140979919,E,543,354,600,-19.692180799688956,2020-05-29,-123.86461271140756,2020-05-28
-46.57297535702568,,A,566,115,567,,2020-02-15,96.05779037089842,2020-07-16
24.196227156603413,64.54841811410755,A,863,47,93,4.435879751560705,2020-04-22,-137.52251179622058,2020-10-25
-191.32802446577978,216.325472330546,A,388,737,92,-174.5707432859652,2020-03-31,-17.898344139169083,2020-09-01
,-30.777823495300083,E,547,777,339,49.47056537750324,2020-05-20,-15.86511834690122,2020-12-03
-56.22875292409727,,C,621,98,596,38.34350314036442,2020-10-15,21.75795363429622,2020-04-17
-101.28311203344238,,C,176,,444,-40.930847409572124,2020-08-05,-74.98482103826004,2020-07-30
31.424733259527386,157.74532797634743,,361,522,756,100.59245117964166,2020-03-17,-92.69943866745629,2020-06-04
-90.8024075521211,-9.52955323869521,E,313,596,21,,2020-11-29,33.489444175229224,
-141.23037013352914,27.902152577033924,C,806,404,290,112.7908993253569,2020-05-31,-89.59958531697858,2020-03-22
146.5648768921554,60.78965097165392,C,847,213,484,15.449366559525114,2020-11-18,-135.99691901191747,2020-03-23
-22.577630048653567,18.660912315635812,C,96,684,783,-33.65525898781734,2020-08-26,,2020-05-10
6.752820468792383,-44.643361455052826,,880,902,305,-1.9873635368311569,2020-04-24,48.80953813791823,2020-11-24
-142.4748186213457,19.40899928983076,E,212,502,633,-10.726476581094174,2020-11-14,176.75023957653403,2020-04-09
-54.43827245251826,107.36317498597721,A,828,720,127,122.0282896417717,,78.39676512169459,2020-09-12
11.092258970986608,-102.65152994110602,D,136,447,624,-107.66791274710134,2020-02-17,-126.81436516314983,2020-02-18
-115.09935774223028,13.2969674146876,C,5,893,938,-76.25192391465983,2020-07-09,9.636924005999573,2020-03-03
37.569801834567194,-70.01208149391732,D,108,575,272,103.63028920724797,2020-01-12,-101.5628254718246,2020-11-06
-60.0638689918805,,,546,257,,-59.55349351838593,2020-06-04,-165.16095967182838,2020-10-16
-29.169374979327678,-152.31869047837748,E,,843,,,2020-06-20,,
-60.17066122293969,-55.892184727158835,E,661,120,502,169.94359830087095,,98.15328752991212,2020-04-14
185.22781845089378,37.72118750645209,D,424,809,129,-40.17950269416337,2020-06-25,27.491271078750707,2020-11-20
-1.3497224737933922,156.55240292343404,E,629,977,131,68.13623265753054,2020-12-06,-139.08941312587712,2020-01-15
-105.77109289559003,-6.57502610729878,,260,53,596,-115.36922813398584,2020-02-26,-48.23415752127367,2020-06-23
82.2544912103189,-55.519952669319835,E,425,330,934,75.47332980678092,,-14.28665853419799,2020-09-15
-122.08436499710223,188.115706944059,B,86,783,481,19.94239859867671,2020-12-05,-168.91124539708449,2020-07-29
20.88635950047554,-144.8013900416244,D,464,240,861,47.30382821602152,2020-07-21,,2020-09-15
-195.96701238797755,-219.8805956620082,B,75,754,389,-64.5572072035395,2020-07-03,-22.873502625875176,2020-04-11
-132.81860488984304,44.00144500533324,E,470,529,592,-166.10834155671725,2020-04-30,-139.05948609320575,2020-09-16
19.686123586912352,-50.20542243526111,A,975,482,998,50.32520647495048,2020-08-13,-144.71735937410676,2020-12-09
73.84665799954104,-102.12328171307132,,962,186,984,-206.34031524794545,2020-07-20,110.0663944921611,2020-06-07
17.136828118997048,70.83564472993532,E,413,857,324,-31.73504922425348,2020-11-25,-38.08130321457192,2020-02-14
-11.564828238824052,24.380071377119883,A,824,655,68,,2020-12-28,119.03520289564116,2020-10-27
,-56.407863073672836,D,894,261,659,19.18977358730361,2020-12-21,157.21554799027155,2020-09-07
-147.85219903674275,-128.03043986708943,B,725,952,447,,2020-08-03,102.24482728559244,2020-11-26
-71.98442083947086,87.24573282801447,B,456,363,527,102.51091525817735,2020-02-12,-53.34317466174908,2020-06-13
,65.0201177958661,,284,490,818,-65.38983883255764,2020-01-23,-249.78471195672807,2020-07-11
105.71222262189157,-9.91758637793829,D,,430,616,2.731337985143867,2020-06-03,31.299630453482845,2020-01-09
34.36182895684614,184.66369960476658,A,676,238,164,-4.737070254443595,2020-07-04,209.15763697785482,
-176.3040155362734,-107.00847663261526,D,598,303,487,-158.21767633461272,2020-09-05,-3.53900781738251,2020-10-08
32.4083969394795,-152.5525170924739,B,652,297,712,-94.03989164843533,2020-08-24,-198.98155187991472,2020-06-29
-38.508228041631654,-69.19080698812444,E,671,75,708,-56.076090697986025,2020-10-19,-67.48784964301176,2020-10-08
-67.69220003059587,-4.55860163554978,C,557,699,425,-203.62205028559367,2020-05-13,-18.373327476680483,2020-10-05
61.16762888408679,24.333944932269183,,371,332,696,4.749346825164295,,-109.79885674197973,2020-01-30
103.09995224959509,-24.123605785632986,D,494,899,833,-24.907184465304073,2020-01-22,-256.3953967979889,2020-09-22
93.12801191161985,35.20553965142968,A,623,998,264,,2020-12-26,-9.785077021512494,2020-11-23
-83.92175232226386,-125.15394241904441,A,918,757,874,,2020-03-28,-78.48762463576266,2020-08-04
-30.921237585121457,144.37646040732594,D,44,641,611,71.58727446909595,2020-06-01,177.26916608999156,2020-11-15
33.1263431403564,-8.21511783925688,B,400,473,341,22.70344788648889,2020-05-04,,2020-04-14
97.55451271223592,111.72958315881276,C,246,826,831,-32.40681752089702,2020-03-19,46.957889689839185,2020-07-02
-47.91742378452899,34.27253463777041,A,615,922,725,59.14421517518549,,-11.90861434960594,2020-11-25
-18.565897666381712,45.67532191537839,B,596,282,277,68.0220360476691,2020-02-20,9.373330317385332,2020-05-27
-110.63349740060282,56.97672802322039,E,,590,673,30.74035697196884,2020-08-03,-165.22992883621436,2020-04-14
-119.62066240806708,44.770856001731495,A,484,71,438,-82.46122504347609,2020-06-24,-104.01663052212893,2020-02-16
,64.2722759867544,B,645,262,156,27.660076551118067,2020-12-23,108.8614701319352,2020-03-27
135.6240028570823,132.91525301324313,B,619,,421,119.5480650825479,2020-09-09,20.94619697301969,2020-11-04
-7.201012158033385,19.652116970147013,C,17,878,,-59.66290586117302,2020-09-02,-39.85069178825137,2020-05-08
100.35328978920242,70.90037575885123,C,605,886,877,209.79393391324314,2020-08-14,48.61712414658739,2020-09-14
36.16360250476342,,E,661,941,608,-52.56309339853844,2020-04-15,,2020-11-09
-64.51197546051243,144.01172154494728,B,757,574,529,3.2407013340136217,2020-07-11,199.0894632944207,2020-05-26
36.139560550841395,-67.63923020592696,B,288,999,326,-67.24855960063361,,16.30663438855776,2020-03-12
153.80365664659692,180.09404329108156,C,413,891,960,22.327083592026085,2020-10-28,-106.25075755103009,2020-05-19
-3.5826039109951537,-4.015795064434341,A,720,11,894,-174.22216926352752,2020-02-05,-11.569648291566763,2020-01-27
156.4643655814006,-143.07751021180482,,637,140,96,-54.604179881672124,2020-07-22,60.756562712137665,2020-01-29
-261.9745104089744,12.810441491078928,D,234,765,512,,2020-09-23,99.56590114287025,2020-09-27
82.19025043752238,-68.10516574748809,,415,554,215,,2020-09-24,-161.50318721278794,2020-06-22
8.704706823817123,84.06435489887241,D,937,16,131,99.44473755089074,2020-06-18,25.37067194918132,2020-09-09
-29.900735046586746,-65.26239793023909,C,498,62,259,,2020-02-08,-89.72549274981164,2020-02-29
9.17607765355023,-44.61834332147797,E,973,252,124,-237.16593608588923,2020-05-18,,2020-04-16
-198.7568914600893,-188.9540730945531,B,633,464,81,204.20696529278803,2020-10-18,84.5839624243392,2020-08-07
-21.967188783751194,-45.23063192490767,E,649,375,282,29.527994062086837,2020-02-21,74.62485394318989,2020-09-15
35.71125715117464,-242.38793266289568,C,114,803,682,-77.64991404930002,,-67.81524611975588,2020-05-25
147.7894044741516,-158.39028234857233,B,931,980,58,15.712791899094084,2020-10-15,-15.784202104008319,2020-02-21
-51.82702182736474,76.04146561442974,A,673,,543,17.618982250269237,2020-05-20,-53.60817951208534,2020-02-29
-80.84936028931877,78.58001586508323,,712,836,160,-66.68487169515636,2020-05-25,289.1702989956767,2020-02-03
-50.17570435845366,42.545756178496475,D,233,89,283,19.79166673420755,2020-11-09,27.835816644536276,2020-04-05
91.5402117702074,-96.6976143129213,C,539,719,105,-60.74722876203072,2020-07-02,-83.94815912727898,2020-03-29
32.875110965968446,-4.771135614197986,C,10,,104,-40.43619926900227,2020-05-31,132.21671462211262,2020-11-11
-52.97602037670388,,A,205,795,438,-68.62791357550844,,135.7461365683299,2020-08-18
51.32674331133561,-115.83646891925427,E,678,629,227,-143.26712897396527,2020-05-07,179.1670710523534,2020-10-01
9.707754934804038,150.33983017671505,,246,860,699,,2020-10-13,208.7993682510094,2020-09-02
96.86449905328892,87.73622905756714,E,558,174,581,58.52994365163381,2020-11-06,70.77148828661286,2020-04-20
-70.20530938773524,,E,757,75,317,,2020-09-09,-34.9851743778128,
-32.76621465977682,2.6885838994530777,A,126,612,463,81.99252526352343,2020-09-22,-20.26167676043195,
-39.21081531321576,20.83828079475525,,146,925,801,,2020-07-06,-29.20753016065431,2020-06-14
-146.35149481321184,-204.17348684242907,A,117,662,598,-53.272549821690355,2020-08-17,-40.375536717902655,2020-05-07
29.612027706457607,-24.717738252059693,D,910,399,881,83.96638644311888,2020-09-27,123.99368072885906,2020-08-24
26.105527217988932,-68.19842479977986,E,381,781,873,-135.7517539841935,2020-09-15,0.07209069359758764,2020-10-17
0.511345664246089,-100.16200098949155,C,411,969,471,-90.06713825124801,2020-10-25,97.14218648162061,2020-04-16
-23.45871333751469,-28.110029288595488,B,663,70,55,-96.42000714232447,2020-07-16,,2020-05-07
-141.53707420504142,179.76865268495226,D,583,179,624,108.00560591393102,2020-11-18,-109.86549631220836,2020-07-13
-42.06453227653591,64.08428612670099,C,362,123,12,94.27885141400756,2020-02-25,-171.71766698622838,2020-12-04
-34.27145165267695,-57.11789897827968,E,508,380,439,48.73052370449948,2020-11-14,-123.6662966685065,2020-05-22
-80.22772692216189,,A,136,292,17,107.19298652117972,2020-07-21,-42.67063677307888,2020-04-20
-16.128571166600914,139.9355436586002,E,174,796,693,-87.92827824119881,2020-09-27,13.432810026787509,2020-03-30
40.40508568145384,,B,288,194,972,34.85951198609804,2020-04-18,-64.83003273443845,2020-09-07
,5.963036992017413,D,957,910,112,,2020-04-25,70.30651467411016,2020-10-06
17.457781283183895,-64.69367777055739,D,480,227,228,84.6882103884914,,-52.768519441695936,2020-11-28
25.755039072276436,69.82233136135899,B,18,430,170,-11.522423255219758,2020-05-17,25.695743818394444,2020-08-11
-7.444591576616721,39.34853854217496,C,194,941,294,-38.494288841008114,2020-10-29,11.758168066188652,2020-04-10
-191.87712152990414,89.51932200277322,,329,435,188,54.090851856099,2020-02-26,173.44330917873864,2020-05-11
-2.651387544921688,63.51718016819695,D,935,786,425,87.61691671912328,2020-02-19,,2020-01-13
6.023020994102644,104.95527153193352,D,174,460,976,-66.83451948468017,2020-03-11,,2020-04-07
246.32421124852863,-53.523521156056795,A,448,617,78,-6.10756713523761,2020-03-22,,2020-04-29
-19.236096478112252,131.73940656343257,C,924,20,657,-105.84406336416528,2020-04-14,-134.00568903608095,2020-10-19
30.154734233361246,19.759960469239964,B,945,63,,-249.80610174929393,2020-03-28,,2020-10-30
-3.471176970524331,207.52608726252654,C,353,164,181,20.045963141372898,2020-01-02,324.0139148636807,2020-07-17
-116.8678037619532,-68.91878180895678,A,498,26,498,60.890535625463194,2020-12-25,89.52052350186248,2020-01-01
114.28228145150206,173.59638031652494,D,140,310,797,26.206680908672553,2020-03-24,60.29641034412616,2020-02-29
75.19330326867741,19.79107834626478,D,757,284,,-194.9561717754367,2020-02-12,79.51868616415204,2020-09-06
79.10319470430468,-65.14180036144484,A,896,659,865,-35.08494300764745,2020-06-02,-76.95934645023071,2020-05-19
-90.9387454794739,-48.38858340543216,B,929,280,825,,2020-11-22,32.60443763658592,2020-05-28
140.27943109360993,-32.03473081943201,D,92,837,707,136.97011076541847,2020-04-03,0.25023003171226327,
-140.18510627922808,,E,943,830,834,-108.60545821180861,2020-10-24,180.906674864441,2020-07-04
58.68570938002703,52.28354880354996,D,238,,70,125.54036094598963,2020-05-12,-10.868771658665246,2020-04-17
219.04556258099785,-57.3700003938579,E,204,897,247,94.58696436841456,2020-03-05,-37.82765445774084,2020-02-13
-99.05363251306883,-2.435459226098284,A,559,917,145,,2020-10-16,-116.47993973691224,
-56.629772960277194,,A,432,223,617,-113.2784951267745,2020-09-13,14.001448687561519,2020-08-13
9.965136508764122,172.75431701007113,D,244,783,774,35.037021638633824,,29.2951833518835,2020-06-10
-50.34756541161992,43.63236696740321,C,831,145,295,-84.4324037183071,2020-05-27,-120.15881881405177,2020-10-07
-155.06634310661326,3.800347816820029,E,316,964,581,10.248464215820754,2020-03-01,45.31636040605758,2020-09-09
6.856297480602732,,,924,,469,,2020-05-28,23.317952379485853,2020-05-11
-106.23037137261049,61.35179727304166,,294,867,505,-178.11584144656334,2020-03-28,,2020-05-23
47.35924306351816,-102.27925651984056,B,639,29,192,-223.04680191244591,2020-11-19,121.23681179019034,2020-09-22
-91.94242342338032,-25.73765374233451,D,855,44,67,22.66842484945972,2020-10-04,9.427929361427935,2020-04-18
154.99344050175395,-166.85840738775894,C,281,786,493,-56.155774633062535,2020-03-22,-103.63648841320956,2020-07-12
,39.922312260527924,C,16,,816,-55.30898169141323,2020-05-08,-83.06215805446449,2020-02-04
-32.20615162056756,64.7195939702741,C,70,33,51,69.58638390937854,2020-10-12,176.2127663079091,2020-10-01
81.35172173696698,-48.3186462299374,C,268,652,881,117.34422766324448,2020-12-18,16.548939312256028,2020-07-05
-123.08643164339553,157.39867632900328,A,324,426,362,-27.25447213618092,2020-10-06,174.61537795510574,2020-08-30
22.74599346041294,-122.57656630023412,A,793,829,,-34.05987069098615,2020-09-26,,2020-09-20
130.71427542824281,,E,304,885,916,50.014303311388375,2020-10-18,75.37356371784483,2020-01-10
-160.74832345612276,,B,450,220,473,-135.69355696995754,2020-07-21,93.87236162381592,2020-06-14
18.46338585323042,104.70983026121546,,6,867,845,22.3153054747697,2020-01-24,-122.31388144094232,2020-01-29
25.988279424842354,168.39276914578687,D,313,533,,55.1885971822154,2020-12-16,30.695075011252616,2020-09-27
78.18228717773104,-45.888426286894,A,816,691,762,68.02302084176291,2020-11-06,,2020-03-27
-123.6950710878082,107.86808334312956,D,102,947,430,-193.67527025024648,2020-07-26,-28.49123478774648,2020-01-23
-132.04566130842764,-3.850846950070721,A,820,366,843,-76.13552698089407,,64.01696361230503,2020-07-28
52.194156561689766,-17.262729994081962,E,192,931,297,-87.82632528234666,2020-07-23,-102.53338905324527,2020-02-15
29.698467323318607,88.36599374866724,B,752,840,,9.988695440921298,2020-05-31,55.933732452767195,2020-01-28
25.049285034587655,65.23228784134196,E,573,742,695,48.0744579767984,2020-01-26,-149.83689854658357,2020-01-26
34.64482094969757,-157.63921569842495,,528,914,690,149.67104074459814,2020-07-12,114.33198239615687,2020-09-22
-68.00247215784908,,C,170,549,197,-49.49654803680731,2020-12-01,-66.44371821053475,2020-06-23
23.225369716100356,138.00913541474515,C,536,581,127,-49.75724983092139,2020-08-25,-102.71174242187837,2020-01-04
29.307247329868126,-62.55627015095294,E,250,,531,114.96720188787471,2020-11-16,-143.53559159910807,2020-11-06
-71.43514180263678,39.5803533437409,D,764,238,983,29.65769385303051,2020-03-15,,2020-11-17
186.57745111447565,49.403018628273884,B,386,334,410,126.76515111879738,2020-06-11,-190.76118069567997,2020-03-07
47.38329209117875,26.06737658239071,C,206,440,933,28.87280030098363,2020-10-25,-54.83991391083297,2020-05-14
-119.13034972026486,-55.030515384542014,C,540,147,839,-115.71166187132708,2020-01-29,109.94870253330814,2020-02-24
65.65536086338297,-67.16233679380515,C,628,,64,-133.31283547778065,2020-06-13,-18.871159973983392,2020-01-31
,-2.555407099144528,B,415,287,693,-155.15122490589292,2020-12-02,-117.75186159066409,2020-03-14
78.7084603742452,117.27290192593647,C,793,,240,66.20518347584732,2020-07-04,22.62633165688082,2020-01-19
115.85955790074041,54.36001545944323,B,379,49,368,118.85968230870081,2020-02-23,13.78957758749067,2020-06-04
,-37.061433208610595,C,143,849,535,,2020-10-21,195.66099625857163,2020-12-02
96.33761292443218,77.16987106483447,E,24,516,383,84.31053323232402,2020-02-11,79.0721018540406,2020-06-04
41.27809269364983,-284.8542620630075,E,821,915,430,116.28385775349858,2020-10-11,30.559812717284494,2020-05-26
82.206015999449,114.87657003721034,B,667,854,966,-58.00163326536847,,90.50665483595475,2020-03-27
189.67929826539475,-173.97137787780997,E,72,637,82,-115.64158167438568,2020-07-05,,2020-01-20
-24.53881160028705,-36.244094140313216,B,631,586,981,85.00793324175532,2020-07-22,-7.541318090619945,2020-09-25
-75.37361643574896,-111.96698946261438,E,823,676,830,41.768075223940066,2020-02-11,165.89403034315652,2020-11-28
-88.95144296255233,-129.46814757209057,E,832,,696,10.744437434089255,2020-12-15,-163.5579026816248,
-81.58102849654382,,,92,953,950,,2020-10-14,96.79455131409394,2020-11-01
-7.71017094141042,,,504,835,827,32.31854824582059,2020-01-26,-11.07914756877758,2020-01-28
34.11519748166439,34.650388173071576,E,597,988,610,128.38168598535614,2020-02-25,-29.148942125335196,2020-09-16
27.669079933001907,-4.692057887918407,C,335,299,573,129.49855848169557,2020-09-09,-55.28959336937127,2020-01-22
82.71832490360238,47.704082722312144,D,424,801,285,,2020-05-01,,2020-04-10
1.300189187790702,7.682189106025536,B,498,588,988,84.58028725629282,2020-04-15,-4.352946650466634,2020-02-08
145.3534077157317,-128.29922241885697,D,363,809,533,51.406255242477584,2020-05-09,-41.470238672696716,2020-10-16
-26.46568332379561,99.62668194471401,A,946,648,458,-46.11697320346189,,-70.26577451166509,2020-12-18
272.01691665896186,-49.37565831613125,A,629,617,211,75.656467491314,2020-06-06,-190.53304524509355,2020-10-26
62.566734776500624,-155.65818986597512,E,744,606,125,-139.44950688592616,2020-08-18,-72.38037443516701,2020-06-18
-85.71575564162825,-42.81151609659125,E,198,134,412,105.38915522958831,,-51.229514626097185,
,150.07597906343108,C,717,,498,-119.45229397660351,2020-03-31,15.1231072166842,2020-12-18
48.24724152431853,85.0221742113493,D,412,,,28.580328679473293,2020-01-22,196.30858846815048,
-22.34627853258509,-34.86521344078592,A,338,489,553,-84.51539584261589,2020-10-16,-61.59561935134189,2020-06-04
71.4000494092092,-34.92577043184288,E,,477,609,55.338898307442676,2020-04-19,,2020-03-14
47.32376245735448,-32.16350512173826,D,961,158,960,-3.392522592790888,,-71.44960913030978,2020-12-07
-7.282891265687278,,E,936,383,542,-159.47559581633323,,15.334476760211485,2020-03-30
,38.19354522315533,E,428,162,157,42.06996310184788,2020-03-13,58.86354597962726,2020-03-07
-151.48472246858645,43.00416471910696,A,782,440,111,,2020-12-05,72.83452130695429,2020-08-23
-44.65149520670211,103.02834540318422,A,898,852,401,88.1146720813369,2020-02-22,82.77079982342663,2020-07-18
85.63987943234723,23.87891590265135,E,138,188,758,0.13256887344072293,2020-12-21,96.92305876119747,2020-11-27
,-25.904214582070313,B,692,414,121,39.54209853880381,2020-06-16,-27.888363747316973,2020-08-14
-124.5738778711988,-19.634984908497827,E,941,338,272,-95.75689550152119,2020-02-14,,2020-12-13
17.3180925851182,-7.160125941406395,E,541,606,293,,2020-04-14,-35.47685211587642,2020-08-20
38.531737972883676,-3.722223650984159,C,56,180,397,-45.86386361010845,2020-05-29,10.934057634090907,2020-09-22
-88.3857436201133,72.76295436369799,C,,287,470,85.67024802425557,2020-05-25,,2020-03-26
15.372510594552791,5.194588580729944,,657,833,984,167.73770878054893,2020-07-22,56.642502798776576,2020-04-11
,73.26400772155792,,434,186,206,-80.51717517428763,,,2020-08-01
-114.29702978306231,,B,383,883,109,107.68481446576803,2020-10-25,0.5635830296852785,2020-04-17
35.77873603482833,,E,559,137,439,-216.9677417725702,2020-06-15,86.19647560864865,2020-06-13
,-199.82006845321075,C,193,129,277,-119.41894010922893,2020-07-19,-134.3470279529558,2020-03-31
108.3051243175277,91.63276747024814,B,735,193,962,-95.87784561867748,2020-05-13,75.06927951289866,2020-07-10
105.38020520349029,34.64884758979927,A,647,315,567,-135.25086894407224,2020-07-29,39.015394001345314,2020-11-30
-137.7669367957091,99.80101098596522,E,533,983,886,-158.358838978758,2020-02-17,118.3920483851373,2020-03-26
-93.78250399151227,-289.6255378193689,D,517,784,914,41.29989121377975,2020-05-05,,2020-08-09
51.50352672086598,208.83747047807276,E,715,863,568,-21.406769772786138,2020-08-26,99.58934155892449,
51.37859509122088,-13.958962815517376,D,750,143,939,37.94053976051097,2020-01-07,15.960824740083149,2020-04-10
51.504768630604794,110.81828167375166,C,184,15,481,69.0472686121513,2020-09-28,176.60503040522877,2020-08-13
385.2731490654721,-103.99059271255308,D,871,,802,26.561699317253346,2020-02-06,278.6049937813325,2020-12-29
57.089051069316696,,C,291,422,113,65.77631761503737,2020-07-29,153.83304390525524,2020-02-29
113.55656401805989,-105.34155631736562,A,334,244,,-6.953228624226939,2020-06-13,48.05186781082244,2020-09-06
95.40017634932023,,D,731,926,896,-118.69933883057446,2020-05-04,,2020-02-17
65.1391251305798,,,,106,819,105.78141808207961,2020-12-02,60.34780416679837,2020-04-26
-31.52692446403456,-19.068240076334657,C,824,87,852,-58.9112132781127,2020-07-10,-90.79457135226163,2020-08-14
75.89692204932675,21.74328731797229,E,48,128,476,-93.5596298762426,2020-08-05,-3.9273306951575293,2020-12-27
,87.00677306887542,,684,906,709,-17.791787580439816,2020-08-01,76.16721862950018,2020-02-02
-23.681860674000887,49.56818879726047,C,81,886,932,-91.2810919296513,2020-03-02,82.59541556200641,2020-02-13
-48.536354782910344,15.041890514357641,D,833,340,320,-41.743038198943225,2020-11-23,-112.52648898076596,2020-06-13
8.187413938632256,36.49610024662254,,332,3,178,,2020-06-09,-109.35322864596726,2020-12-10
,,E,556,326,896,34.834173924612685,2020-03-06,,2020-10-18
-186.7265192591748,-5.761879703358539,A,334,,218,-89.78300664256294,2020-10-12,,2020-12-02
68.62601903745134,20.10990467149675,C,,878,,-48.77053729487446,2020-08-26,66.25625498799194,2020-12-09
-161.27158711896516,105.0654396007612,D,959,,,107.43330047702437,2020-01-20,14.13051241048105,2020-10-13
,110.55259329579839,B,220,907,527,49.64001177339411,2020-07-06,-83.44287335176476,2020-12-29
108.89505969673661,,,634,606,491,207.50650393485418,2020-03-22,,2020-08-12
6.428001909546277,63.87302220291846,B,745,720,890,118.01281737415277,2020-12-28,-107.20580618430398,2020-10-12
-107.77447779293061,-114.30049127304835,C,,224,60,114.4293068559939,2020-07-20,130.23407448537614,2020-07-22
-71.53037092599682,163.3431532301096,E,322,970,53,-138.78685504558018,2020-05-11,73.88232834503656,2020-06-20
67.95977489346758,-114.6345393018688,E,850,347,679,76.38603516334226,2020-02-06,128.03323038717284,2020-01-12
,30.263546523903322,D,,991,537,-5.310680169691065,2020-05-11,-44.44332929229169,2020-11-02
21.645858958197486,-75.4275850019358,E,693,320,847,-55.09818035382496,2020-03-17,,2020-04-30
4.557183990381378,-6.413834659299254,A,205,558,987,16.80153405325285,2020-03-29,5.504255728104343,2020-08-31
-65.16003476058171,32.87624103034804,E,831,987,64,94.52115346114836,2020-09-09,-47.63977606015151,2020-05-31
214.39440893253257,32.13572154502731,D,39,180,611,50.083159100421156,2020-12-09,22.525845349509844,2020-05-31
63.391902231801126,42.19207542352847,C,58,617,585,-87.847380134206,2020-07-12,157.90894560712076,
-202.5142586657607,161.3711269058647,C,950,710,703,74.24589135926203,2020-06-24,-129.6833847167973,2020-01-13
18.645431476942765,45.35343015139798,E,573,385,170,-63.75875420759639,2020-02-02,,2020-03-31
-66.1786464768388,-24.41566352906487,B,643,617,272,21.668311896428623,2020-02-27,-76.57453187062563,2020-07-18
85.2433334796224,96.40871682883572,C,506,791,888,-30.33500674771342,2020-07-19,-9.441826213604765,2020-03-14
,118.94704889246405,E,571,771,698,-21.88662517356257,2020-01-28,-13.552626897887087,
,-122.76078151369924,D,883,107,534,,2020-02-04,77.23145844407058,2020-10-02
50.498727898045715,59.740006984985804,E,842,530,390,-104.01937198158979,2020-05-04,3.3723102921375125,2020-11-23
,70.11727423108984,C,121,409,939,194.5195074276933,2020-11-16,30.288327671930237,2020-11-24
-120.02964070557762,-29.756350335999194,D,478,970,692,-182.10860692944962,2020-02-11,39.84480455120008,2020-03-11
-33.45012358409484,137.57068133116195,E,618,295,326,-59.76676832548571,2020-03-25,,2020-03-18
-47.494531116095615,-15.005558703252673,,95,817,107,,,70.33130614575919,2020-10-10
-65.33292325737119,12.557645347154226,D,858,170,846,58.43141664353099,2020-04-20,-12.232338213274517,2020-05-09
176.5454240281097,,A,,330,161,-10.047572057170514,2020-09-27,164.63683960749978,2020-02-12
40.498171096095554,1.5579047581467533,B,234,,813,-5.739070300154241,2020-11-20,254.16198467187922,2020-01-08
-126.08839543350452,-109.62750868952018,D,897,194,451,41.055008532761654,2020-04-14,70.62309747670697,2020-01-13
91.78619470547761,,A,61,11,205,,2020-11-15,22.7991163709061,2020-07-31
212.21561970126334,159.45050632249723,C,255,194,589,,2020-02-10,62.45823093172438,2020-04-20
103.24652605511469,-84.69613483183278,,560,489,15,83.93491142316022,2020-08-02,-110.10330858836441,2020-10-17
-151.93699659540135,-99.13923494563072,B,,794,326,87.28243510056346,2020-03-11,18.010546746541493,2020-01-23
-48.423407286625135,-215.33901136037147,D,347,880,607,-96.6156723370417,2020-02-25,-73.13246069486085,2020-10-28
126.69111491866228,-63.89617476895022,D,670,181,658,-7.938842440570287,2020-08-23,50.997691724033004,2020-09-10
-70.76694656187807,-132.30897934074983,D,123,961,1,-30.04659487207037,2020-10-07,,2020-01-15
44.381942814622846,164.2015160136369,B,481,816,9,-100.56013756894657,2020-04-14,-34.47774453588961,2020-05-09
77.46340534293368,100.98170893426341,D,316,655,433,36.0164183945767,2020-06-10,-187.19709055230524,2020-03-01
-92.6930471578083,-68.81503451777238,C,503,897,124,-53.76457577798165,2020-07-09,-117.32456899476679,2020-04-24
-5.952535606180008,225.24358053443086,A,718,315,80,65.5403829850237,2020-01-09,35.48738029360466,2020-11-15
-324.12673400690727,,C,47,693,484,-107.01915628943317,2020-02-29,-86.88460783184304,2020-11-03
-102.43876413342899,-32.48313835086225,C,408,29,651,171.9040612841821,2020-10-31,106.37739837855766,2020-11-20
-25.25681513931603,-249.94057148735732,A,931,595,837,-89.63326585920618,2020-08-12,-95.38890884133123,
-124.77831819648495,229.09425725907417,C,135,677,149,21.930233720043606,2020-11-02,45.325450128577096,2020-09-05
163.24113039316353,,B,200,795,799,79.18593103880676,2020-07-06,-76.18756289717585,2020-06-23
,-164.53987469568918,A,249,792,872,,2020-03-10,38.54697750335259,2020-12-04
-44.00444866969838,102.25704320096402,C,313,95,339,85.24686434329506,2020-10-19,-153.47873290951395,2020-01-02
13.074057728609134,243.97524063392729,E,,,128,-122.91835978004161,2020-10-13,-45.31829756295582,2020-06-20
144.12732890661155,138.42728185105182,C,367,777,437,145.21176991825604,2020-06-17,-84.6213285287735,2020-11-29
-143.58621511794394,56.39091200523596,B,428,443,750,1.4149264965758293,2020-03-02,88.323257530898,
116.31637521549595,59.47543416652859,D,829,297,500,,2020-12-14,46.22624644542042,
1.0233061019587049,85.34155587803077,C,806,807,57,-29.91817724274345,2020-01-14,-123.25760546154822,2020-03-07
-98.15086510479509,75.89285897867651,D,479,736,197,,2020-06-12,-20.31807366208805,2020-04-11
46.210347426327075,28.11914239693758,E,313,844,210,-58.445529185043824,2020-09-01,-77.23178427228345,2020-04-29
19.905969557347003,10.420110395187606,C,499,360,913,-74.93576894227776,2020-11-30,95.02571938685426,2020-07-09
-60.021687715879466,-6.259312789952241,A,720,373,901,-22.153659758373816,2020-01-08,127.15241476539387,2020-10-30
,-75.39645888666763,D,354,553,44,-117.6962112769968,2020-06-02,-144.16451465108133,2020-02-16
-38.53135968617602,-28.067507686677406,E,484,302,96,182.05439079418156,2020-02-05,82.67029743814808,2020-08-09
11.351734525124805,-169.29568141953854,A,210,420,278,-56.63945912147233,2020-02-17,,2020-01-21
66.21306745210467,-9.83396267947499,A,703,245,534,83.16167861804036,2020-03-25,-25.291677271931917,2020-06-06
158.6016816145352,,A,43,719,409,,2020-01-28,3.2254229060957,2020-12-13
-123.7815498826849,,A,540,236,460,-98.45340504819681,2020-07-14,181.66061635554726,2020-06-07
213.30333746562667,17.989415115347846,C,570,533,390,-0.5954709212729383,2020-07-26,,2020-08-22
-195.20877995225018,139.20022863445993,C,582,184,,78.4002779310748,2020-07-22,83.47497226433022,2020-05-29
-15.178509503558333,91.8316606002313,C,91,467,43,-18.826133508630654,2020-11-02,-117.15044081696178,2020-09-13
,-157.0500603623177,E,264,753,26,119.31129458510279,2020-04-13,-124.05935848407343,2020-06-13
28.099186773503266,-98.96281365703375,E,894,362,,102.15153927818639,2020-08-17,2.8463448419154993,2020-03-17
-62.26995198205938,94.07711879882159,,219,282,96,91.89148546583293,2020-04-10,2.172949098972276,2020-03-25
-20.812225035727522,-98.24873935383096,B,901,552,974,-45.96567722729969,2020-01-29,-283.23183184692533,2020-02-15
-49.30009346588328,-22.46331499970246,,924,,547,-107.98424477814869,2020-05-06,,2020-02-16
-58.936475694421155,55.005209902455185,C,441,161,620,-61.35876053627945,2020-12-03,-213.9114124430851,2020-07-31
84.96020970210246,-96.83444548636353,C,400,159,566,19.624094066672047,2020-01-10,-14.593743611330154,2020-02-28
35.701548596504736,10.53755061459599,B,399,473,703,54.57867135323555,2020-04-15,132.76154516053055,2020-02-23
-69.29095952606542,-133.40254949182045,B,726,600,218,-217.15714047604476,2020-06-15,220.91839666886787,2020-12-07
89.95998754332507,-60.13676439512137,E,990,321,184,-0.8113201611750289,2020-09-13,-36.304986368857975,2020-01-12
30.729952087660934,31.978193414253695,D,898,11,68,,2020-10-21,-143.29490836170876,2020-07-10
81.28621188389602,-159.29937335316694,B,788,423,828,-27.754425631555158,2020-10-03,129.0548225767958,2020-01-06
,44.047473796039895,A,575,72,129,129.12738390158788,2020-03-05,86.51565501202622,2020-11-04
-82.89950109220723,-1.9637798926681216,,857,587,566,42.17800742508709,2020-09-27,-48.89922895784753,2020-05-23
-56.018104019696956,55.248995441714776,A,803,857,889,131.0191908080897,2020-07-06,-61.573745820920635,2020-12-11
,22.391413406466143,C,489,200,608,-21.596052035023224,2020-11-12,-71.73921636594315,2020-09-17
61.037026543346485,136.41404299738443,C,,521,847,93.7477492506925,2020-05-17,-34.458653573463344,2020-03-13
-2.0901593964148133,12.522450264790727,B,756,863,598,,2020-12-08,31.60681424016309,2020-06-22
11.732738330878199,-42.9405541125253,B,469,504,805,131.1693449272661,2020-04-14,-56.60145827367716,
127.7664895788425,12.229750303228377,A,573,737,630,-109.2141593428733,2020-02-03,-43.958027556224046,2020-09-26
-59.157138883582995,54.32980290363879,C,937,687,719,-25.367607754238097,2020-04-19,64.12790194105756,2020-12-27
54.709738117003795,4.886007032570433,A,843,787,333,-34.51647054497965,2020-02-02,-148.24141410588726,2020-08-09
-20.219265243389405,4.059169120388238,D,681,38,924,48.92545350763276,2020-12-19,-37.59357199135793,2020-02-21
-21.76812032272203,-70.19916878067554,A,444,59,153,68.6353555014533,2020-08-18,-167.59410190991017,2020-04-25
109.877685198719,-66.29009175509482,E,268,577,546,-83.88926740257364,,10.84124733529013,2020-01-26
82.54163489880298,-140.26052717996936,A,266,320,78,,2020-09-22,-193.94054081418744,2020-02-22
81.35096360006385,174.95767431869393,E,53,434,578,-201.99273321561364,,89.00101268264297,2020-12-30
130.5478807154329,-124.38632353912851,E,527,635,854,144.194500580189,2020-12-05,-131.46373957920053,2020-01-29
2.100384163275905,-69.29051977959074,E,519,,412,-51.23742406766936,2020-03-05,-177.25785653614543,2020-01-19
,-71.84072655691975,D,615,407,545,5.586393984449697,2020-11-28,-36.361329590161766,2020-10-29
-31.026675659345603,89.49243769444412,A,58,922,608,-30.964971398806124,2020-01-01,171.11072916770502,2020-10-05
32.41663524884421,-29.49496782920278,A,824,385,168,114.6027575013415,2020-05-12,71.11924534215757,2020-04-26
,124.77420726737338,D,39,670,680,-283.7506441397379,2020-03-20,-192.23141054539656,2020-04-15
9.699596499271818,,C,236,568,662,-1.6610342325908987,2020-09-27,-134.3125267644541,2020-11-04
59.51570254369136,27.899416222380196,,954,77,582,-10.581875749769788,2020-08-28,-39.560037324570715,2020-08-14
-81.82206832334725,-83.53470532597574,A,385,193,514,-45.36363875916828,2020-01-28,,2020-12-17
209.238727568546,214.51491277733882,,605,284,313,172.62265456356326,2020-08-10,-93.8954147968868,2020-07-04
-100.6017381499702,-118.75984190295128,D,733,526,31,-88.73294588557712,2020-01-23,,2020-09-17
,30.98207102270275,C,715,523,286,77.17961772356612,2020-04-18,152.74293868801814,2020-01-16
115.81108735000679,63.37768809320985,C,649,612,593,,,19.490720526237578,
79.16626939629359,41.379909745149824,C,299,155,42,126.15192525355158,2020-05-24,105.30000272987412,2020-06-08
62.41198170521551,-18.528765887770827,D,394,339,902,-66.71890847775053,2020-12-19,-72.70995401759647,2020-12-23
62.83455092642799,-12.982069973342616,E,206,124,616,-73.29688991237589,2020-05-18,-10.163584772905269,2020-09-06
-1.2246772846914622,4.38114719791096,E,335,870,0,109.60699074773986,2020-10-10,131.56318621882446,2020-08-11
-89.72543714858315,-14.700200162848862,B,592,279,572,42.53213083301104,2020-10-24,-14.48408767357999,2020-09-12
7.5804558193726335,96.38791167949097,,729,916,269,,2020-04-08,112.3053197526463,2020-06-28
-67.71617115121117,,E,513,905,179,-53.93050144632704,2020-11-12,38.72673004345302,
97.51197334177512,-55.74917850078336,C,177,621,735,38.6382653848061,2020-05-02,-103.96290784189188,2020-04-21
-14.705738150213865,-136.9802979579078,C,395,845,517,83.77642215465892,2020-11-15,-1.6317212346022818,2020-04-29
-82.54971967925115,-8.828204835125481,B,370,868,102,-67.9230653192955,2020-10-13,98.13839922750334,2020-07-12
,257.9709337654319,A,857,657,9,-291.4255989816941,,66.94161911868851,2020-04-20
41.293145427562436,,,790,727,582,52.32231857370332,,-4.025289842082823,2020-07-28
-56.372455280397475,163.91168054440675,B,657,909,89,-122.03206899439758,2020-01-08,,2020-01-01
-82.22203955664314,167.77008140764406,D,317,673,225,-201.73387981224113,2020-07-23,-179.5991481409716,2020-02-27
24.36872114919123,-55.35882417079946,D,,127,669,-283.2325924984141,2020-11-10,-158.33055896271162,2020-04-02
24.496657110872277,56.898307918527536,B,368,313,,81.39808601977411,2020-07-15,-51.044220676655094,2020-08-08
-50.69431753711298,162.83966231285382,B,383,331,,12.861745040496652,2020-07-16,-37.71178736934479,2020-07-29
-47.103830561832275,-37.912774098748706,B,61,149,125,,,-147.54114010940228,2020-08-19
23.20499373576363,-20.358036010236177,E,805,453,955,138.90243629627616,2020-01-20,102.2512793696016,2020-09-18
-144.80843414973242,-58.168091394864376,D,504,,208,63.732468302307254,2020-02-17,-126.37690772205423,2020-12-29
-140.74637743765553,-101.47567306928669,B,238,684,96,161.63000427219166,2020-05-09,-137.05590420670094,2020-04-12
-71.8444221252436,-64.9277545066007,C,194,419,73,-139.27354721669965,2020-10-19,,2020-02-19
-21.344715171184724,-122.39402667622565,C,677,21,,-3.4550623953963515,2020-05-11,97.39051199932285,2020-04-19
31.090756559800457,3.408346825922607,E,962,205,190,-161.67133749480143,2020-12-21,205.4854619813167,2020-03-28
147.5356216949552,-76.99732310586418,E,221,638,,-22.93823318554672,2020-02-23,58.25450545031773,2020-01-20
85.76596232020194,23.37859117907477,,60,847,818,-24.861585376667737,2020-10-07,157.98297187236193,2020-01-14
-15.993852996342712,-155.58956462036272,A,,956,959,62.66136372630709,2020-09-21,-121.20566517265618,2020-05-12
-1.901620790268883,33.08802322144571,A,989,355,715,4.556388114189831,,215.97392606609995,2020-10-22
,83.35289616089247,E,684,439,55,62.34071382799156,2020-10-16,-186.14844505554885,2020-02-03
-1.851313599238993,-199.37356425714555,E,991,728,719,70.34401331388942,2020-02-12,,2020-07-26
-28.86586389201383,37.405656984757215,E,155,95,552,215.4928677383142,2020-03-14,56.06525195787751,2020-10-27
32.27185603380895,122.76689924732922,C,916,928,31,-31.529665528612437,2020-12-15,-160.52170156959434,2020-07-17
-82.72309435523229,-120.96410186912054,E,377,940,526,-94.1022700666379,2020-10-04,-92.70500919253337,2020-03-20
51.93465142411723,167.25723868377034,C,621,163,573,24.60836153164088,2020-11-21,-108.59225292896342,2020-03-11
,41.90190093660452,A,780,,666,-80.22800271395435,2020-08-29,-31.022100724973455,2020-06-03
-10.87601484568576,-70.50118557584088,A,922,529,283,148.1960768436536,,142.1582856672674,2020-03-18
40.171172209894145,-5.576907765770601,A,867,293,720,,2020-12-15,1.682506628781065,2020-03-18
69.01439917111125,55.83269125217224,B,902,194,831,-56.55763678739903,2020-07-12,-46.306394423401755,2020-06-20
-40.12204718858363,7.60053914124115,B,789,662,493,,2020-02-01,,2020-10-15
22.409248181041676,53.875599244636916,D,585,479,186,71.8417423471641,2020-04-15,46.67552048385791,2020-02-02
1.259240078179486,-92.06735930793663,D,998,876,497,-15.774698323148526,2020-07-22,79.00154089781792,2020-10-26
9.767609854883172,16.9360824036078,D,436,122,441,-64.16668201303824,2020-01-01,-170.00197678102117,2020-10-02
-77.30097838554664,-141.37144969049803,B,974,,129,166.5351917623531,2020-09-01,-6.6972359722521695,2020-01-07
2.451017425894271,-11.122606134870033,B,206,698,638,,2020-03-12,,2020-06-08
49.79982912454498,-90.39076414647897,,387,,291,3.5566074032993527,2020-11-01,96.46017573036937,2020-08-27
,-73.55299425897665,,479,451,113,65.23061516102304,2020-01-15,-72.4768458245474,2020-01-24
95.92708260852069,,E,790,660,198,-163.13351104170732,2020-02-22,-87.53603610847972,2020-08-01
215.31824575115564,109.13101205942691,D,886,103,12,48.02605014059249,2020-01-08,-45.64972984683617,2020-03-10
-76.73475628880495,60.9138120907177,E,837,754,270,-105.51076754804494,2020-11-25,128.4437052777384,2020-08-03
,-109.2312764672579,C,983,,600,82.27827808340025,2020-02-15,104.38454421726699,2020-04-13
18.334200573835176,-31.64084496948019,B,339,742,214,-96.26510119189763,2020-11-20,-2.1345302172413683,2020-08-02
218.98029332176722,121.30976999791834,D,868,990,443,69.27690318488605,2020-04-23,101.97765271882882,2020-02-23
-80.82982853551515,14.171691363990474,B,339,717,789,110.58330662947127,2020-05-26,-236.86912068521588,2020-10-20
,231.9329539981694,,203,709,511,,2020-06-14,79.16542060935255,2020-11-25
-59.939264544402214,39.33178393943719,B,160,395,446,25.13166482381024,2020-05-18,-111.87661628138466,2020-12-01
-212.38957243098068,19.204911649003158,C,539,911,985,-23.130094292969943,2020-04-26,176.70244943958616,2020-07-21
-52.575502168076106,-30.91164642025014,A,391,336,992,-57.64195763348439,2020-10-25,-106.42447119332242,2020-10-14
-75.9132661553698,,D,768,598,714,147.1034690817104,2020-10-02,-85.27621652336447,2020-02-14
15.039378647620763,-15.24698363805439,A,676,141,73,-69.94952201676432,,56.24237301311782,2020-11-12
34.17559757771594,70.81086766885905,A,574,316,536,-103.70660735699961,2020-12-03,65.89541347810363,2020-07-16
187.61708392158863,95.67023167945841,A,533,710,100,,2020-11-08,-44.63320787671849,2020-08-03
95.04238381860503,-78.59894605079495,B,69,557,175,-79.61368031864954,2020-06-26,37.14040344230307,2020-11-04
,-133.1232953557778,E,892,799,,,2020-11-25,49.53798153284869,
-89.8414671348358,-183.62053731032967,B,404,526,116,-144.3604262169765,,39.311465605803406,2020-07-02
,50.799132691254364,B,607,555,165,-48.29098394605177,2020-06-02,-40.45549175583959,2020-01-27
-132.0233207020642,-110.33666061738737,A,674,400,40,-8.271502389649319,2020-07-19,50.52110240856904,
183.14587658543536,-215.28905929524828,B,590,680,428,24.309172766069878,2020-04-24,140.63704050164938,2020-11-13
117.9440120721287,38.85786045309641,A,516,309,343,95.13062442994834,2020-06-07,-122.54884792188265,2020-09-30
-46.91756521047048,249.29995174327905,E,827,494,423,52.68979236657937,,-84.00600355418061,2020-12-30
-171.31345290908774,-0.6070911539893323,D,119,555,,-19.08722195531798,2020-09-03,2.725563236057936,
135.3872374165413,83.84907744516418,A,813,609,119,-19.81956763797199,,-105.6224040668033,2020-11-28
-11.453984525261788,8.1829358547565,E,689,772,608,51.01574689151834,2020-11-21,-180.34037342272606,2020-04-13
123.78163119734617,-9.888965319114266,D,687,108,656,127.25701629285695,2020-11-29,109.31229758819565,2020-09-01
-159.4427658794367,91.90764829877686,C,,794,727,12.63141994832002,2020-07-14,-222.87882660262497,2020-10-31
-59.937502295377286,-29.027454418865133,,216,,228,-46.9130854210409,2020-03-30,-40.23826975243354,2020-06-17
0.5243699718183166,26.739231407190296,A,55,854,824,-99.28660010855455,2020-04-20,,2020-04-25
4.698059376474205,32.16978061960136,C,365,615,129,-144.52052644122256,2020-12-24,26.669978950207234,2020-05-20
-45.006547147924366,-66.80904536430488,C,698,767,351,66.62696720435231,2020-05-24,-38.72493659789524,2020-12-21
62.28499323474988,,A,503,890,888,,,-109.74395765349591,2020-05-04
-106.76204293825944,-17.495975669540865,C,743,205,317,57.73635251066616,2020-06-27,34.38678131479371,2020-01-25
-14.237948502129349,-75.57451594928447,B,766,846,983,-12.86594463520559,2020-08-28,-98.83944384668729,2020-07-12
12.029563171189887,53.65098435704036,D,924,42,648,140.69347458917508,2020-11-21,26.593258631826235,2020-04-09
51.4438834058749,-89.84679817910373,D,454,864,835,-48.41184945848177,2020-11-14,,2020-01-05
71.16148780888898,2.8181157369128247,D,103,244,336,95.52692372072055,2020-11-26,15.103290905513568,2020-01-19
-112.46420918378692,-0.9118996644203544,B,76,286,272,-3.8742894989543024,2020-06-01,-64.03187591794156,2020-06-18
-153.41141707356223,108.58955658315782,,229,,116,-60.83507646793376,2020-04-13,203.50091093347893,2020-09-30
127.7676821898509,47.469823287995276,E,913,784,817,59.253030731776136,2020-03-15,,2020-09-10
,,C,257,475,367,40.96361186839937,2020-05-07,-27.870892421964715,2020-04-30
,81.77662992002871,A,263,82,93,35.69727592669261,2020-07-17,26.427057306180433,2020-02-01
155.11519755225228,139.02075490173132,D,330,109,167,8.127842205619876,2020-06-02,-77.44616439243102,2020-05-28
11.567463429285867,55.78103063518623,C,992,949,953,-3.7893081716830874,,-38.63044984779063,2020-09-22
117.92971840638265,1.0352619843380606,E,181,189,714,238.83719928704386,2020-10-04,239.19199321195174,2020-02-06
6.751848141010895,-131.18362323501594,A,892,982,340,,2020-12-10,,2020-06-25
206.0747924881987,-106.51136630753726,B,767,799,660,72.2826894985512,2020-01-19,-7.777270026441621,2020-12-07
175.53408424432044,-30.522470435466765,,549,935,913,11.179915820338826,2020-06-07,-45.6104849749766,2020-01-13
-24.89641484790735,-60.951220215928316,E,687,908,694,100.7157200596669,2020-01-26,-103.96339428247796,2020-07-01
,-18.6971302985446,A,26,250,924,,2020-06-17,42.10849902198062,2020-05-24
64.53759495851476,,D,275,723,151,2.620475277403566,2020-01-23,3.6472176654209076,2020-09-21
136.86315575323488,52.96927543567308,C,651,290,585,,2020-02-16,91.10273089999275,2020-03-28
-96.49234605801044,,A,298,644,876,,2020-01-13,81.0577920330005,2020-02-15
68.60514599984393,48.65016438262019,B,956,200,912,-317.0425735878056,2020-08-04,90.07077190419957,2020-04-28
105.84244868495878,6.447441481012024,E,798,796,273,21.06008392976418,2020-11-17,-91.82033728509937,2020-01-19
-175.87394864231143,-197.54665663538714,E,90,325,553,-48.84760801103597,2020-07-12,64.0960799203096,2020-08-07
-118.3258512665775,-93.93353938187543,C,479,510,495,159.2669998282884,2020-05-23,66.52715062900944,2020-08-20
-203.92321777601006,-14.408755572161546,,572,408,723,1.934407081175429,2020-03-13,-102.10629982068559,2020-04-03
-26.940683444455775,-120.96947428411076,E,457,606,100,,,-31.861624222723954,2020-09-07
71.75422557959624,,A,,789,,-4.98801541281177,2020-03-17,-145.61120964789683,2020-09-06
150.2357052096028,153.07508323436974,D,364,961,81,-104.61210850625042,2020-06-17,66.96226323802841,2020-10-08
7.409478041977518,121.87618516973167,C,858,940,528,47.34074157124664,2020-10-13,66.50224694439736,2020-08-19
162.86155455712918,-21.3442870930208,,674,,72,29.094736433948537,2020-03-25,143.03627991183555,2020-02-15
-138.01014582148915,149.0726136849952,D,350,507,13,95.78396311082676,2020-06-30,-22.87985078143456,2020-02-15
-170.33824393551546,14.866745720211155,A,654,730,432,-79.08817916945654,2020-11-10,45.14695865637963,2020-01-14
-5.554769889661878,-33.70859711180393,A,399,600,156,3.40080962281468,2020-10-23,,2020-03-25
38.40654489393073,,E,252,71,734,-136.50217954266353,2020-04-21,-75.38915285546915,2020-11-14
-3.269474809409311,-30.24696864881283,D,780,246,131,70.14947819247145,2020-08-17,-90.59651413176992,2020-11-23
,-38.817681854122874,C,880,640,337,51.887118044012205,2020-04-05,-72.28852010761648,2020-01-03
-8.912003951278841,,C,802,723,403,49.58050210275709,2020-06-16,-34.92954682052211,2020-01-28
-130.44695005048533,16.057398104986458,D,458,939,375,0.161903135694112,2020-06-04,-87.05543556461532,2020-06-05
66.96725488300385,0.30460201534144693,E,698,854,887,41.477289078879096,2020-04-14,-67.98277099612238,2020-12-08
36.659824609684826,43.693816974634984,B,916,607,558,,2020-07-11,88.09151690332453,2020-11-28
-93.98797863273552,119.06462747863414,A,498,586,106,-28.509425704201398,2020-11-25,-9.634663149429263,2020-11-27
-51.38669173366935,,E,949,934,619,,2020-05-11,30.669837365943593,2020-06-23
-105.92135218889516,-148.48979684499034,D,970,565,264,-108.61262991814098,2020-12-20,-55.071678811857524,2020-04-23
-6.267909727317187,-255.39211349019547,A,925,343,204,-86.82609615983323,2020-05-17,-61.636542918234014,2020-11-26
95.51423205012382,93.43199112392738,C,507,970,78,9.781329309330738,2020-11-26,28.555588954039717,2020-09-06
-98.57260463355438,,B,303,924,154,110.39335467019072,2020-09-26,12.60623280034051,2020-02-28
50.40465155178444,-22.476540189268356,,500,53,782,-25.628082425157245,2020-02-07,77.7986678308069,2020-07-21
-53.025761837244076,-117.01130260593595,D,802,729,987,-23.591652931212394,2020-02-14,130.15929980039928,2020-11-10
-79.28728322623442,-180.19804375800197,A,597,527,996,,2020-06-11,-69.14122042764048,2020-08-26
-10.703035995455783,54.1462728204788,D,165,610,246,,2020-11-26,86.11845377637809,
-103.52423224193741,75.91551603026468,A,414,531,530,29.497145570882154,2020-09-09,-107.98061676931627,
,-57.65104007267195,E,461,557,857,-149.72576451786446,2020-06-17,,2020-04-04
-119.78778925888484,-259.104229214491,B,919,962,947,128.09395766667276,2020-10-11,-78.63040531383288,2020-05-20
196.47251329163893,-54.624444825248275,E,113,192,537,-66.54222981294605,2020-09-30,69.06305697567595,2020-11-29
3.5263551971728613,39.18040054025465,E,432,894,728,72.19034854381414,2020-01-20,-108.72403387446656,2020-04-22
-69.97255079925856,-147.89115687741287,D,991,57,153,-126.99985973938759,2020-08-26,-15.20908861467986,2020-04-18
21.3979910734222,18.335991977915565,B,355,436,153,66.88401305462182,2020-09-26,154.57331421535164,2020-12-27
-11.232804969082983,-1.5309849172995558,A,927,110,,67.19446078144975,2020-11-05,,2020-12-10
-22.096959953322298,57.92914996010884,A,694,128,91,38.42020720058965,2020-01-31,220.41861678862227,2020-10-15
61.41667000434252,11.958036841415327,C,206,848,432,-99.44285217997923,2020-11-09,-0.5275597109045737,2020-04-06
75.75077100473051,-97.30689408815554,A,767,705,337,,2020-04-13,97.57125379826657,2020-11-30
,119.65715016644913,D,234,924,479,-118.3056184734389,2020-06-18,40.29445735036032,2020-01-16
-57.581824064468,-15.852957302697002,E,,851,692,-25.276325509618538,2020-07-04,45.7040065596367,2020-02-13
-27.505169715164403,-2.7304539509931858,E,354,325,130,102.9413100955326,2020-05-07,-142.61137171431045,2020-08-17
-230.19211647355849,-93.3267959073196,,,7,449,79.67019270707421,2020-07-28,-47.285279297804614,
-151.51910621985522,-44.328225119151035,B,207,28,992,1.5182942540433122,,119.59764624837037,
136.68742674445247,-88.4802714026901,A,708,111,809,-97.48065759228419,2020-09-09,-34.4321201769997,2020-09-16
,-17.294605992342298,D,852,946,786,64.55877121741935,2020-01-19,13.883208271781333,2020-11-07
-24.90360395563783,171.17084801423434,,124,672,272,,2020-07-18,-154.74221283691512,2020-11-15
57.65569630557664,-137.19011429313562,C,137,130,928,-232.03155982304233,,-53.75769410007442,2020-07-14
,-161.35613978767412,D,338,187,587,78.26298263165181,2020-05-15,112.30392976314654,
307.88808084552375,147.11703274936085,,536,674,176,-2.4232833869692145,2020-08-10,-128.26294319269402,2020-02-25
111.95749114345767,-20.93236771518661,D,67,708,695,,2020-01-03,71.70790369961641,2020-02-01
-12.791759148076654,-66.90727386599166,E,572,474,830,-109.52705188428047,2020-08-23,17.777813858498558,2020-08-18
-95.55404406004257,,D,540,363,642,-317.67038131960004,,-23.595548602317848,2020-01-09
-160.64463202575726,-60.56155397368641,A,382,203,874,27.90838583451852,2020-08-15,,2020-07-09
20.346363586722312,182.60097135469363,D,18,211,48,29.156367668197277,2020-05-21,-49.10296980779874,2020-12-26
-75.63507452843034,67.7925871339269,E,,620,566,-169.0671627606452,2020-01-09,,2020-07-18
-142.22537095976742,,D,449,275,665,-97.84995458666063,2020-07-08,92.97402248111572,2020-11-29
-64.65728842425266,215.73082132655034,C,73,72,354,275.52177437199015,2020-12-15,-43.204381424477425,2020-06-09
-108.1548003614395,-60.57149230033384,C,572,678,711,-30.561061415380337,2020-06-13,180.75903221923073,2020-03-27
168.71416350725647,74.2095372009307,,938,771,,73.0958976376216,2020-05-18,29.953250304321195,2020-01-21
88.16397569494505,29.92925804064919,A,664,242,867,-65.06598273683836,2020-10-02,,2020-11-06
-0.7972641316617372,130.1741289398798,A,275,786,884,-209.03028988531565,2020-10-17,97.33659524856144,2020-03-16
147.99441388900257,156.15111967268527,B,47,101,629,-17.02582467959055,2020-02-22,62.38959430765766,2020-05-20
7.73683076476183,3.2004149065766625,E,210,986,774,-26.560456028610517,2020-06-23,-165.41764402276587,2020-05-05
-86.12842013282636,-75.34178703461835,D,854,684,45,,2020-04-19,-103.44713570175377,2020-09-07
152.31240772696572,45.99721429391164,E,919,170,301,,2020-07-21,-11.542030120241245,2020-03-24
53.891004368465865,-67.77153697521061,B,650,652,867,26.426827164563655,2020-05-15,-158.36079344201974,
-103.72461543264563,,E,621,908,911,,2020-01-04,209.05299019716125,2020-03-18
-19.033867808360817,,E,993,187,407,-126.40061679473638,2020-06-03,82.22321820393414,
-87.56182533847571,-36.53215513121087,B,694,,188,48.61847915619389,2020-06-20,-1.3332847036461888,2020-10-11
-138.2799730964336,,A,539,85,821,-194.93717553224232,2020-12-23,-34.270655361326355,2020-05-15
