,col_1,col_2,col_3,col_4,col_5,col_6,col_7,col_8,col_9,col_10
0,0.5269216393004286,0.5512322146131885,D,0.27291037260825785,0.7152988855116514,0.9218436873747494,0.36886642919987045,2020-08-07,0.3197949546338515,2020-07-15
1,0.4374123978508312,0.5512322146131885,A,0.0553877139979859,0.4842958459979737,0.5501002004008015,0.401290137847473,2020-01-08,0.5697741894124119,2020-05-12
3,0.6715954301885614,0.38967703780972773,E,0.8902316213494461,0.3059777102330294,0.3917835671342685,0.30457592291906826,2020-10-01,0.7253446563462114,2020-08-07
5,0.4238977838699583,0.46906164063727984,A,0.8559919436052367,0.3677811550151976,0.3096192384769539,0.6537439631667139,2020-03-06,0.06098661284750473,2020-02-10
7,0.5650835537018233,0.7823652830683383,C,0.7482376636455186,0.9371833839918946,0.20841683366733466,0.2653810690429714,2020-03-26,0.42339007260690187,2020-01-02
8,0.39072362714941644,0.578588819746974,A,0.3071500503524673,0.013171225937183386,0.3567134268537074,0.42871306130562603,2020-05-03,0.6446602899793006,2020-07-13
9,0.5333842694288937,0.5514781921569851,A,0.8136958710976837,0.3262411347517731,0.9749498997995991,0.6585582227185681,2020-07-20,0.2591872395039441,2020-08-29
10,0.39157740416108705,0.28793047147854645,E,0.5417925478348439,0.34751773049645396,0.6012024048096192,0.501802705160877,2020-05-29,0.2624427095600014,2020-05-28
11,0.3912514863236353,0.5512322146131885,A,0.5649546827794562,0.10536980749746708,0.5681362725450901,0.5352585648348288,2020-02-15,0.6246064699051421,2020-07-16
12,0.49101073946465756,0.6637433269120985,A,0.8640483383685801,0.03647416413373861,0.09318637274549098,0.5425207480777733,2020-04-22,0.23995115789612134,2020-10-25
13,0.18719866285568326,0.9481826687293684,A,0.3856998992950655,0.7355623100303952,0.09218436873747494,0.24043267333306872,2020-03-31,0.43694581500989205,2020-09-01
14,0.4601106408248305,0.4850962082071337,E,0.5458207452165156,0.7760891590678825,0.3396793587174348,0.618520402429233,2020-05-20,0.4402940900752699,2020-12-03
15,0.37764029495262347,0.5512322146131885,C,0.6203423967774421,0.08814589665653495,0.597194388777555,0.5997425899006031,2020-10-15,0.5022510032113406,2020-04-17
16,0.31412976981098306,0.5512322146131885,C,0.17220543806646524,0.5288753799392097,0.4448897795591182,0.4659607469279727,2020-08-05,0.34293696075554264,2020-07-30
19,0.2578184296863175,0.5950660179259739,C,0.8066465256797583,0.3981762917933131,0.29058116232464926,0.725378559127094,2020-05-31,0.3188696628652151,2020-03-22
20,0.6635067500441615,0.6566991708796638,C,0.8479355488418933,0.20466058763931105,0.4849699398797595,0.56110689293425,2020-11-18,0.24246347320267903,2020-03-23
21,0.42507633727293254,0.5777473770345852,C,0.09164149043303121,0.6818642350557245,0.7845691382765531,0.47823888760046623,2020-08-26,0.46174891194954837,2020-05-10
23,0.2560642026029595,0.5791493370848748,E,0.20845921450151056,0.4974670719351571,0.6342685370741482,0.5169330521847298,2020-11-14,0.757489161373529,2020-04-09
25,0.4725388331417187,0.3504005530505947,D,0.13192346424974824,0.441742654508612,0.625250501002004,0.3533365811857954,2020-02-17,0.25758511694989117,2020-02-18
26,0.2946538070451727,0.5676950211956446,C,0.0,0.8936170212765958,0.939879759519038,0.40635358928054,2020-07-09,0.4822903370494858,2020-03-03
27,0.5098626944720978,0.41156884546163264,D,0.10372608257804632,0.5714285714285714,0.2725450901803607,0.7099192927205864,2020-01-12,0.29916884121327303,2020-11-06
31,0.7180076633954449,0.6134674808284077,D,0.4219536757301108,0.8085106382978724,0.12925851703406813,0.46722870156951607,2020-06-25,0.5116925142890408,2020-11-20
32,0.45500009125344215,0.8361643362592188,E,0.6283987915407855,0.9787234042553191,0.1312625250501002,0.650020217334219,2020-12-06,0.2373708165135027,2020-01-15
35,0.2848074461681167,0.89531586919385,B,0.08157099697885196,0.7821681864235056,0.4819639278557114,0.5686892458966264,2020-12-05,0.18826082697014324,2020-07-29
36,0.4863450103954717,0.2714091763462829,D,0.46223564954682783,0.232016210739615,0.8627254509018035,0.6148638591880782,2020-07-21,0.46174891194954837,2020-09-15
37,0.18065934979277926,0.13070622265493032,B,0.07049345417925477,0.7527862208713273,0.3897795591182364,0.42608936439320977,2020-07-03,0.4287528247523957,2020-04-11
38,0.26967600880975223,0.62523706166951,E,0.4682779456193354,0.524822695035461,0.5931863727454909,0.2547136569230941,2020-04-30,0.23742009974493491,2020-09-16
39,0.4846531072218131,0.4486877175818498,A,0.9768378650553877,0.4772036474164134,0.9999999999999999,0.6199626780240941,2020-08-13,0.22810282858815992,2020-12-09
41,0.48105951279256903,0.67552596829814,E,0.4108761329305136,0.8571428571428572,0.3246492985971944,0.4814793960282432,2020-11-25,0.40370892667476244,2020-02-14
42,0.44060044726028347,0.5884654256065189,A,0.824773413897281,0.652482269503546,0.06813627254509018,0.5352585648348288,2020-12-28,0.6624452075977637,2020-10-27
43,0.4601106408248305,0.4370639702245273,D,0.8952668680765358,0.25329280648429586,0.6603206412825651,0.5674191306526628,2020-12-21,0.7253198268132128,2020-09-07
44,0.24848402033381695,0.30283894716323617,B,0.7250755287009063,0.9533941236068896,0.4478957915831663,0.5352585648348288,2020-08-03,0.634795157019393,2020-11-26
45,0.3554304408332,0.7062794618474667,B,0.4541792547834844,0.3566362715298886,0.5280561122244488,0.7080302591448665,2020-02-12,0.3785759858022255,2020-06-13
47,0.6059191252854248,0.5241895490711175,D,0.5216515609264853,0.4245187436676799,0.6172344689378757,0.5396441967424026,2020-06-03,0.5179640433946157,2020-01-09
49,0.20837713960484489,0.34223537251218106,D,0.5971802618328298,0.29584599797365757,0.48797595190380755,0.2680297891697812,2020-09-05,0.4605924793127213,2020-10-08
50,0.5025869604069413,0.2568830973676932,B,0.6515609264853978,0.28976697061803447,0.7134268537074148,0.3763349629574755,2020-08-24,0.13874165512625913,2020-06-29
51,0.4026198943369916,0.41310796335455147,E,0.6706948640483383,0.06484295845997974,0.7094188376753506,0.44040193067357075,2020-10-19,0.3552828214484477,2020-10-08
52,0.3614809363453864,0.5342326092741444,C,0.5558912386706948,0.6970618034447822,0.4258517034068136,0.19140625603399836,2020-05-13,0.43616362206727477,2020-10-05
54,0.6022367587744764,0.4975666130085568,D,0.49244712990936557,0.8996960486322189,0.8346693386773546,0.49300196700717197,2020-01-22,0.044193697846888036,2020-09-22
55,0.5881798910248128,0.6087530052192935,A,0.6223564954682779,1.0000000000000002,0.26452905811623245,0.5352585648348288,2020-12-26,0.4503065790195297,2020-11-23
56,0.3386030748191362,0.30822967664527123,A,0.9194360523665659,0.7558257345491388,0.8757515030060119,0.5352585648348288,2020-03-28,0.33716861471692977,2020-08-04
57,0.41331483612870895,0.8133458865721672,D,0.03927492447129909,0.6382978723404256,0.6122244488977956,0.6558441279752276,2020-06-01,0.7583437190485205,2020-11-15
58,0.5035990076570304,0.5273800776599554,B,0.3977844914400806,0.4680851063829788,0.3416833667334669,0.573348738654364,2020-05-04,0.46174891194954837,2020-04-14
59,0.5944196732777293,0.752163672139977,C,0.24269889224572003,0.8257345491388045,0.8326653306613225,0.4803457329940825,2020-03-19,0.5437497476522012,2020-07-02
61,0.43073144446705447,0.628374007824081,B,0.5951661631419939,0.27456940222897674,0.2775551102204409,0.6498275013696919,2020-02-20,0.4818562563003952,2020-05-27
62,0.3009490721674138,0.6495535236047747,E,0.5216515609264853,0.5866261398176291,0.6743486973947895,0.5869116691835987,2020-08-03,0.19432314454224892,2020-04-14
63,0.2882803852647021,0.6266789842218505,A,0.4823766364551863,0.060790273556231005,0.438877755511022,0.39587489418152677,2020-06-24,0.2951279647417681,2020-02-16
64,0.4601106408248305,0.6632258199321545,B,0.6445115810674723,0.25430597771023306,0.156312625250501,0.5817134482115537,2020-12-23,0.6456913104831011,2020-03-27
65,0.6480840324822573,0.791866893555507,B,0.6183282980866062,0.5288753799392097,0.4218436873747495,0.7367818198538927,2020-09-09,0.5009142187782281,2020-11-04
66,0.44675186648788634,0.5796049542618604,C,0.012084592145015106,0.878419452887538,0.49398797595190375,0.43434889158079304,2020-09-02,0.4007951333987056,2020-05-08
67,0.598364947507047,0.6756472781453698,C,0.6042296072507553,0.8865248226950355,0.87875751503006,0.8890789824176084,2020-08-14,0.5464821413589271,2020-09-14
68,0.5078804565786919,0.5512322146131885,E,0.6606243705941591,0.9422492401215805,0.6092184368737474,0.44633039618376025,2020-04-15,0.46174891194954837,2020-11-09
69,0.36596391505171216,0.8126623439742049,B,0.75730110775428,0.5704154002026343,0.5300601202404809,0.5405037883641792,2020-07-11,0.7942769426612468,2020-05-26
71,0.6737108393415697,0.8802827883272344,C,0.4108761329305136,0.8915906788247214,0.9619238476953907,0.5727135936346567,2020-10-28,0.2914488495878075,2020-05-19
72,0.4518525273892768,0.5352498614840996,A,0.7200402819738166,0.0,0.8957915831663326,0.24102092003342762,2020-02-05,0.44736778318650633,2020-01-27
74,0.08761239616893413,0.566783242309154,D,0.23061430010070494,0.7639311043566362,0.5130260521042084,0.5352585648348288,2020-09-23,0.6303835556912097,2020-09-27
76,0.46917323892026336,0.7003173679795311,D,0.9385699899295065,0.005065856129685917,0.1312625250501002,0.7028558376363105,2020-06-18,0.5082003545809548,2020-09-09
77,0.41475337955518227,0.420470038554802,C,0.4964753272910373,0.05167173252279635,0.2595190380761523,0.5352585648348288,2020-02-08,0.31866232105423475,2020-02-29
78,0.4698377031258277,0.45915824037602176,E,0.9748237663645518,0.24417426545086124,0.12424849699398796,0.13479825064895035,2020-05-18,0.46174891194954837,2020-04-16
79,0.1767266185664519,0.18866438879010577,B,0.6324269889224572,0.4589665653495441,0.0811623246492986,0.8796505234836697,2020-10-18,0.6057116023680506,2020-08-07
80,0.42593684103036,0.45801077465229384,E,0.648539778449144,0.3687943262411348,0.282565130260521,0.5848657092569576,2020-02-21,0.5893111441761292,2020-09-15
82,0.6652328957783458,0.24594277364286682,B,0.932527693856999,0.9817629179331308,0.058116232464929855,0.5615514443833474,2020-10-15,0.44042734130565103,2020-02-21
83,0.3838451607860781,0.6852819902057243,A,0.6727089627391741,0.5288753799392097,0.5440881763527053,0.5647682939250692,2020-05-20,0.37813958118058466,2020-02-29
85,0.38617292754825927,0.6225090131253227,D,0.229607250755287,0.0790273556231003,0.283567134268537,0.5684348737512415,2020-11-09,0.5122599049503207,2020-04-05
86,0.5859416609668435,0.36155854956897093,C,0.5377643504531722,0.7173252279635258,0.10521042084168336,0.43251900946825783,2020-07-02,0.3281763170827421,2020-03-29
87,0.5032448601862134,0.5338343077962788,C,0.005035246727089627,0.5288753799392097,0.10420841683366733,0.4667955054521278,2020-05-31,0.6841522542059524,2020-11-11
89,0.5292550594908058,0.32569118321727786,E,0.6777442094662638,0.6261398176291794,0.22745490981963926,0.2932600403857416,2020-05-07,0.7614691505112234,2020-10-01
91,0.5934470009170312,0.7071986813264457,E,0.5568982880161127,0.16514690982776092,0.5821643286573146,0.63380883195646,2020-11-06,0.582965499636912,2020-04-20
95,0.25059947631194796,0.16014229069273944,A,0.11278952668680765,0.6595744680851063,0.5991983967935871,0.44513313140467836,2020-08-17,0.39993082939576396,2020-05-07
96,0.4986450803760186,0.4964531729791984,D,0.9113796576032225,0.3931104356636272,0.8827655310621242,0.6767348751432682,2020-09-27,0.6706107284928503,2020-08-24
97,0.49370216937174527,0.4149677473511587,E,0.37865055387714003,0.7801418439716312,0.8747494989979959,0.3059428401789578,2020-09-15,0.4665391632220629,2020-10-17
98,0.45762353140680007,0.35506608026146325,C,0.40886203423967776,0.9706180344478217,0.4719438877755511,0.3830393038630084,2020-10-25,0.6263922314631214,2020-04-16
99,0.4238343251019618,0.4900958152437604,B,0.6626384692849949,0.059777102330293826,0.055110220440881756,0.3723183266173313,2020-07-16,0.46174891194954837,2020-05-07
100,0.25738608668932694,0.8796729867316061,D,0.5820745216515609,0.17021276595744683,0.625250501002004,0.7173029915910083,2020-11-18,0.2854961709881483,2020-07-13
101,0.39760677787085674,0.6628735156109382,C,0.3595166163141994,0.11347517730496454,0.012024048096192383,0.6941379892631012,2020-02-25,0.18363926872235636,2020-12-04
102,0.40859223305603026,0.43573332017063315,E,0.5065458207452165,0.3738601823708207,0.439879759519038,0.6172715225809065,2020-11-14,0.2627692924038917,2020-05-22
103,0.3438103288492656,0.5512322146131885,A,0.13192346424974824,0.28470111448834856,0.017034068136272545,0.7159316310028306,2020-07-21,0.39615130509673246,2020-04-20
104,0.43416720271559667,0.8050233410886352,E,0.1701913393756294,0.795339412360689,0.6943887775551102,0.3866488021688267,2020-09-27,0.4885413252883494,2020-03-30
105,0.5138594301842706,0.5512322146131885,B,0.28499496475327296,0.18541033434650459,0.9739478957915831,0.5938630745935115,2020-04-18,0.3596596605172604,2020-09-07
106,0.4601106408248305,0.5539507938278952,D,0.958710976837865,0.9108409321175279,0.11222444889779558,0.5352585648348288,2020-04-25,0.5821997905067593,2020-10-06
108,0.49320810649680574,0.6736269580089992,B,0.013091641490433032,0.4245187436676799,0.17034068136272543,0.5155898281503004,2020-05-17,0.5087356763530281,2020-08-11
109,0.44640850666446996,0.6165172346920358,C,0.1903323262839879,0.9422492401215805,0.2945891783567134,0.4700726354966203,2020-10-29,0.4857835588162576,2020-04-10
111,0.4531652092606642,0.6618107248853553,D,0.9365558912386707,0.7852077001013171,0.4258517034068136,0.6828954386138403,2020-02-19,0.46174891194954837,2020-01-13
112,0.4653930214523661,0.7394682041039008,D,0.1701913393756294,0.4549138804457954,0.9779559118236472,0.4222462167435385,2020-03-11,0.46174891194954837,2020-04-07
113,0.8041317159298619,0.44246940071504615,A,0.446122860020141,0.6139817629179332,0.0781563126252505,0.5247278333958497,2020-03-22,0.46174891194954837,2020-04-29
114,0.42978670395084806,0.7896632864820337,C,0.9254783484390735,0.00911854103343465,0.658316633266533,0.35641447372053126,2020-04-14,0.24574259040790083,2020-10-19
115,0.4994101023894889,0.5798070594750604,B,0.9466263846928499,0.052684903748733546,0.49398797595190375,0.11346695438226656,2020-03-28,0.46174891194954837,2020-10-30
116,0.4520095995049194,0.9316920910852999,C,0.3504531722054381,0.15501519756838908,0.1813627254509018,0.5688640193926235,2020-01-02,1.0,2020-07-17
117,0.29216093093689954,0.4136177549256136,A,0.4964753272910373,0.015197568389057751,0.4989979959919839,0.6377925207861321,2020-12-25,0.6138410311936358,2020-01-01
118,0.6179998417249228,0.8681057765294051,D,0.13595166163141995,0.30293819655521786,0.7985971943887775,0.5792607261612827,2020-03-24,0.5657153533835554,2020-02-29
119,0.5628983691767009,0.5798653762509748,D,0.75730110775428,0.2765957446808511,0.49398797595190375,0.20603062305842984,2020-02-12,0.5973702079859156,2020-09-06
120,0.5684099170764463,0.4206960456628572,A,0.8972809667673716,0.6565349544072948,0.8667334669338677,0.47582618082059913,2020-06-02,0.33968535228785635,2020-05-19
121,0.3287116252648739,0.45209258336014807,B,0.930513595166163,0.27254305977710236,0.8266533066132263,0.5352585648348288,2020-11-22,0.5201127734436463,2020-05-28
123,0.2592918777080088,0.5512322146131885,E,0.9446122860020141,0.8297872340425532,0.8356713426853707,0.35175439780278356,2020-10-24,0.7643338948449809,2020-07-04
124,0.5396285684866349,0.6407582230557871,D,0.23464249748237664,0.5288753799392097,0.07014028056112225,0.7468943011128027,2020-05-12,0.44852197263402094,2020-04-17
125,0.765678582064956,0.4352608669326357,E,0.20040281973816718,0.8976697061803445,0.2474949899799599,0.6946579546566788,2020-03-05,0.4041266303115603,2020-02-13
127,0.37707500019327966,0.5512322146131885,A,0.4300100704934542,0.2147922998986829,0.6182364729458917,0.34386827213380733,2020-09-13,0.4894777479209562,2020-08-13
129,0.3859306649580514,0.6245453871951964,C,0.8318227593152064,0.13576494427558258,0.2955911823647294,0.3925483716163104,2020-05-27,0.26854533591420765,2020-10-07
130,0.23831465853659425,0.5498977840450644,E,0.31319234642497484,0.9655521783181358,0.5821643286573146,0.5523299518955069,2020-03-01,0.5410465104658172,2020-09-09
133,0.5236623037792678,0.3510982158657513,B,0.6384692849949647,0.018237082066869303,0.19238476953907813,0.15862542523691808,2020-11-19,0.6660707725465099,2020-09-22
134,0.32729679849670534,0.49454178991631914,D,0.8559919436052367,0.033434650455927056,0.06713426853707415,0.573289634462305,2020-10-04,0.4819461689005877,2020-04-18
135,0.6753880088527967,0.2300729972461148,C,0.27794561933534745,0.7852077001013171,0.49398797595190375,0.4402674576237647,2020-03-22,0.29575397506951195,2020-07-12
136,0.4601106408248305,0.6175925212012049,C,0.01107754279959718,0.5288753799392097,0.8176352705410821,0.44169648882445167,2020-05-08,0.32963536570945356,2020-02-04
137,0.4115035671024424,0.6640641207772475,C,0.06545820745216516,0.02228976697061804,0.05110220440881763,0.6524674642143948,2020-10-12,0.7566040612776677,2020-10-01
138,0.5715795356319555,0.45222364983965635,C,0.26485397784491443,0.6494427558257345,0.8827655310621242,0.7330626669435104,2020-12-18,0.49367290389939494,2020-07-05
139,0.28339489075303353,0.8377503035961149,A,0.32124874118831825,0.4204660587639311,0.3627254509018036,0.4890407302588617,2020-10-06,0.7539735144826407,2020-08-30
140,0.48896642887087854,0.31305983473889526,A,0.7935548841893253,0.828774062816616,0.49398797595190375,0.4775560728064917,2020-09-26,0.46174891194954837,2020-09-20
141,0.6411630735901079,0.5512322146131885,E,0.3011077542799597,0.8855116514690983,0.9178356713426853,0.6194380039281373,2020-10-18,0.5905441042729445,2020-01-10
142,0.23030509935129934,0.5512322146131885,B,0.44813695871097686,0.21175278622087135,0.47394789579158314,0.30604105232154843,2020-07-21,0.6210075500956239,2020-06-14
144,0.4935368919366282,0.8583538957585013,D,0.3101711983887211,0.5288753799392097,0.49398797595190375,0.6281700410286516,2020-12-16,0.5169684737335599,2020-09-27
145,0.5671117669800786,0.45677802839601395,A,0.8167170191339376,0.6889564336372846,0.7635270541082164,0.649829163288937,2020-11-06,0.46174891194954837,2020-03-27
146,0.2825369269177751,0.7449269888898584,D,0.09768378650553877,0.9483282674772037,0.4308617234468938,0.2081922474112961,2020-07-26,0.41950165717765014,2020-01-23
148,0.5304778017988498,0.5104243075033775,E,0.18831822759315206,0.9321175278622087,0.2975951903807615,0.3868208559874595,2020-07-23,0.2975705367596344,2020-02-15
149,0.4987669293062533,0.7083788982911314,B,0.7522658610271903,0.839918946301925,0.49398797595190375,0.5518915711934046,2020-05-31,0.5585309837687971,2020-01-28
150,0.49221324583425224,0.66502493997349,E,0.5720040281973816,0.7406281661600811,0.6963927855711423,0.6161643588948698,2020-01-26,0.21967207514079717,2020-01-26
152,0.36104356366651114,0.5512322146131885,C,0.1661631419939577,0.5450861195542046,0.1973947895791583,0.4515054381387636,2020-12-01,0.35700227594958334,2020-06-23
153,0.48964217786256325,0.8014131360034046,C,0.5347432024169184,0.5775075987841946,0.12725450901803606,0.4510654828916893,2020-08-25,0.29727682804351874,2020-01-04
154,0.498215449100539,0.42554148501545025,E,0.24672708962739173,0.5288753799392097,0.532064128256513,0.7290512447518888,2020-11-16,0.2300489398312608,2020-11-06
155,0.3562047277339184,0.6169516695934201,D,0.7643504531722054,0.22998986828774065,0.9849699398797594,0.5850845880865567,2020-03-15,0.46174891194954837,2020-11-17
156,0.7199101625299763,0.6353599360000118,B,0.38368580060422963,0.32725430597771027,0.4108216432865731,0.748961233045216,2020-06-11,0.1522787959440643,2020-03-07
157,0.5236962043031252,0.5916275371951896,C,0.20241691842900303,0.4346504559270517,0.9348697394789578,0.5837600170846913,2020-10-25,0.37611118591323234,2020-05-14
158,0.2889715507124305,0.43964520275781416,C,0.5387713997985901,0.13779128672745697,0.8406813627254508,0.3397621075409998,2020-01-29,0.647481742787094,2020-02-24
159,0.5494532832204049,0.416909438682603,C,0.6273917421953675,0.5288753799392097,0.06412825651302605,0.3100587113325466,2020-06-13,0.435343801590969,2020-01-31
160,0.4601106408248305,0.5379867164967983,B,0.41289023162134947,0.27963525835866265,0.6943887775551102,0.2732046726052724,2020-12-02,0.27250906433293426,2020-03-14
161,0.5678534829136017,0.7625521854086265,C,0.7935548841893253,0.5288753799392097,0.24048096192384769,0.6467614165164988,2020-07-04,0.50368103055577,2020-01-19
162,0.6202232371424795,0.6446496466438714,B,0.3766364551863042,0.03850050658561297,0.3687374749498998,0.7356201185530682,2020-02-23,0.48912884288338526,2020-06-04
163,0.4601106408248305,0.47332034511427185,C,0.13897280966767372,0.8490374873353597,0.5360721442885771,0.5352585648348288,2020-10-21,0.7886310125671774,2020-12-02
164,0.5927042800040042,0.687396689988726,E,0.019133937562940583,0.5116514690982776,0.3837675350701403,0.6773156505314435,2020-02-11,0.596634781986589,2020-06-04
165,0.5150900576949702,0.008941658162852528,E,0.8217522658610271,0.9159067882472138,0.4308617234468938,0.7312732074301314,2020-10-11,0.5167457265266823,2020-05-26
167,0.7242826571200305,0.21674286210150578,E,0.06747230614300101,0.6342451874366768,0.08216432865731463,0.3398803735102278,2020-07-05,0.46174891194954837,2020-01-20
168,0.42231177302865935,0.474852087760275,B,0.6304128902316213,0.5825734549138805,0.9829659318637274,0.6784925691426162,2020-07-22,0.4540015557946603,2020-09-25
169,0.35065288775326486,0.33294282079519905,E,0.823766364551863,0.6737588652482269,0.8316633266533066,0.6055218307465408,2020-02-11,0.7396113758275871,2020-11-28
173,0.5049929384496677,0.6077126179095762,E,0.5961732124874118,0.9898682877406283,0.6112224448897795,0.7516892656582554,2020-02-25,0.4184185580515526,2020-09-16
174,0.4959062192346256,0.5339825042185343,C,0.3323262839879154,0.29179331306990886,0.5741482965931863,0.7535740778312875,2020-09-09,0.3753706628861479,2020-01-22
175,0.5735059571034629,0.6321760277776769,D,0.4219536757301108,0.8004052684903749,0.2855711422845691,0.5352585648348288,2020-05-01,0.46174891194954837,2020-04-10
176,0.4587355185136039,0.5571725884418223,B,0.4964753272910373,0.5845997973657548,0.9899799599198396,0.6777708821445123,2020-04-15,0.4592521013232613,2020-02-08
177,0.6617990119893187,0.30233523247123995,D,0.36052366565961735,0.8085106382978724,0.534068136272545,0.6217870347732796,2020-05-09,0.3981280963824428,2020-10-16
179,0.8403492372792583,0.45024274552152976,A,0.6283987915407855,0.6139817629179332,0.21142284569138275,0.6627112185051057,2020-06-06,0.15265448478473914,2020-10-26
180,0.5450994255999249,0.2510628795214911,E,0.7442094662638469,0.6028368794326241,0.125250501002004,0.29970258472912514,2020-08-18,0.3472259106859473,2020-06-18
182,0.4601106408248305,0.8240271278413908,C,0.7170191339375629,0.5288753799392097,0.4989979959919839,0.3334494899862052,2020-03-31,0.4913248724750574,2020-12-18
184,0.42540246012915084,0.47743619324738495,A,0.3353474320241692,0.4842958459979737,0.5541082164328657,0.39240831573108115,2020-10-16,0.3649860269852301,2020-06-04
185,0.5575512385244659,0.4773227057985238,E,0.5216515609264853,0.4721377912867275,0.6102204408817635,0.6284236862669195,2020-04-19,0.46174891194954837,2020-03-14
188,0.4601106408248305,0.6143527076417428,E,0.4259818731117825,0.15298885511651472,0.15731462925851702,0.606031290822813,2020-03-13,0.5633557413611401,2020-03-07
189,0.24336346207249981,0.623368098342438,A,0.782477341389728,0.4346504559270517,0.11122244488977955,0.5352585648348288,2020-12-05,0.5863628606419362,2020-08-23
190,0.39396008579788633,0.735857028471184,A,0.8992950654582074,0.8520770010131712,0.4018036072144288,0.683735440824448,2020-02-22,0.602725722910295,2020-07-18
191,0.5776243036079642,0.5875262300605132,E,0.1339375629405841,0.17933130699088148,0.7595190380761523,0.5352585648348288,2020-12-21,0.6260313763700884,2020-11-27
192,0.4601106408248305,0.4942296448699446,B,0.6918429003021148,0.4083080040526849,0.12124248496993988,0.6017653160442974,2020-06-16,0.4204944529999267,2020-08-14
193,0.281298123804946,0.5059785589021628,E,0.9425981873111782,0.331306990881459,0.2725450901803607,0.3734373808484648,2020-02-14,0.46174891194954837,2020-12-13
194,0.481315030830345,0.5293571960234414,E,0.5397784491440081,0.6028368794326241,0.29358717434869736,0.5352585648348288,2020-04-14,0.4079978840084343,2020-08-20
195,0.5112186802302999,0.5358000319960339,C,0.0513595166163142,0.17122593718338402,0.3977955911823647,0.4576358853032044,2020-05-29,0.48442643044349937,2020-09-22
196,0.332310444379847,0.6791378626423521,C,0.5216515609264853,0.27963525835866265,0.47094188376753504,0.6796102786112682,2020-05-25,0.46174891194954837,2020-03-26
199,0.29578480238124905,0.5512322146131885,B,0.3806646525679759,0.8834853090172239,0.10921843687374748,0.7167616302194249,2020-10-25,0.46734854284925675,2020-04-17
200,0.5073379325677373,0.5512322146131885,E,0.5579053373615307,0.12765957446808512,0.439879759519038,0.16888432819118115,2020-06-15,0.6083670564293499,2020-06-13
201,0.4601106408248305,0.16830085898013442,C,0.18932527693857,0.11955420466058765,0.2775551102204409,0.3335057773202128,2020-07-19,0.24518048039111792,2020-03-31
202,0.6095741888927183,0.7145010290178707,B,0.7351460221550856,0.1843971631205674,0.9639278557114228,0.3732332677971604,2020-05-13,0.5900430152054714,2020-07-10
203,0.6054510995268593,0.6077097307637277,A,0.6465256797583081,0.3080040526849038,0.5681362725450901,0.30678812397276994,2020-07-29,0.5306702065742807,2020-11-30
204,0.26270063141832234,0.7298088093764259,E,0.5317220543806647,0.9848024316109423,0.8877755511022043,0.2677915658533915,2020-02-17,0.6613860737726398,2020-03-26
205,0.32470294330721383,0.0,D,0.5156092648539778,0.7831813576494427,0.9158316633266532,0.6047317325710898,2020-05-05,0.46174891194954837,2020-08-09
207,0.5293281519470108,0.5166157661967868,D,0.7502517623363545,0.13373860182370823,0.940881763527054,0.5990625567848059,2020-01-07,0.4927044087302503,2020-04-10
208,0.5295060114905413,0.7504558382651791,C,0.18026183282980865,0.004052684903748733,0.4819639278557114,0.6515576637866718,2020-09-28,0.7572500338504596,2020-08-13
209,0.9999999999999998,0.34789106875912035,D,0.8721047331319234,0.5288753799392097,0.8036072144288576,0.5798598482816112,2020-02-06,0.9252215082142211,2020-12-29
210,0.5373778515795566,0.5512322146131885,C,0.2880161127895267,0.4164133738601824,0.11322645290581161,0.6460376708806256,2020-07-29,0.719749587575904,2020-02-29
211,0.6169768398175937,0.34535928158907825,A,0.3313192346424975,0.23606889564336375,0.49398797595190375,0.5233007116125347,2020-06-13,0.545551288670659,2020-09-06
212,0.5913828298635673,0.5512322146131885,D,0.7311178247734139,0.9270516717325228,0.8977955911823646,0.3347201623589551,2020-05-04,0.46174891194954837,2020-02-17
214,0.41246103435432757,0.5070406728552308,C,0.824773413897281,0.07700101317122594,0.8537074148296593,0.4356174332769791,2020-07-10,0.31690178405872493,2020-08-14
215,0.5638902198908594,0.5835239334542949,E,0.0433031218529708,0.11854103343465046,0.47695390781563124,0.37714544332782896,2020-08-05,0.4599529970604725,2020-12-27
217,0.423519767203362,0.635669474845636,C,0.07653575025176233,0.8865248226950355,0.9338677354709418,0.3809906593865343,2020-03-02,0.6024369036598182,2020-02-13
218,0.3884838238631041,0.5709651121890047,D,0.8338368580060422,0.33333333333333337,0.32064128256513025,0.4645901096424737,2020-11-23,0.28111410214209714,2020-06-13
220,0.4601106408248305,0.5512322146131885,E,0.5548841893252769,0.3191489361702128,0.8977955911823646,0.5938203145766922,2020-03-06,0.46174891194954837,2020-10-18
221,0.19368513870154336,0.5319775936962126,A,0.3313192346424975,0.5288753799392097,0.21843687374749496,0.3835187988067446,2020-10-12,0.46174891194954837,2020-12-02
222,0.5536408482947076,0.5804628759888053,C,0.5216515609264853,0.878419452887538,0.49398797595190375,0.4527306396623323,2020-08-26,0.5755299048664595,2020-12-09
223,0.22956748481917374,0.7396746657008029,D,0.9607250755287009,0.5288753799392097,0.49398797595190375,0.7163371801329328,2020-01-20,0.4896902874465414,2020-10-13
224,0.4601106408248305,0.7499579222412869,B,0.21651560926485397,0.9078014184397163,0.5280561122244488,0.6188063568516924,2020-07-06,0.32900841146669013,2020-12-29
226,0.4659638996342029,0.6624775942923921,B,0.7452165156092648,0.7183383991894631,0.8917835671342684,0.7341909658585738,2020-12-28,0.2898760948366259,2020-10-12
227,0.3049792668092425,0.3285696978451203,C,0.5216515609264853,0.2158054711246201,0.06012024048096192,0.7281435036200896,2020-07-20,0.680887282573831,2020-07-22
228,0.3560704887445523,0.8488906113714092,E,0.3192346424974824,0.9716312056737589,0.0531062124248497,0.300820863010003,2020-05-11,0.5880883680559579,2020-06-20
229,0.5527016824449781,0.3279436717178933,E,0.850956696878147,0.34042553191489366,0.6803607214428857,0.6639424226343116,2020-02-06,0.6772629770762214,2020-01-12
230,0.4601106408248305,0.5994914124198016,D,0.5216515609264853,0.9929078014184397,0.5380761523046091,0.5260726442476842,2020-05-11,0.39323207095007057,2020-11-02
231,0.4874156328692626,0.4014198656874353,E,0.6928499496475327,0.3130699088145897,0.8486973947895791,0.4420522330374035,2020-03-17,0.46174891194954837,2020-04-30
232,0.4633267157780928,0.5307557908385959,A,0.2014098690835851,0.5542046605876393,0.9889779559118236,0.56338878434129,2020-03-29,0.47548474260888,2020-08-31
233,0.36505038332506096,0.6043877592992382,E,0.8318227593152064,0.9888551165146909,0.06412825651302605,0.6945468934571774,2020-09-09,0.3879682271353141,2020-05-31
234,0.759122119681115,0.6029999811789228,D,0.03423967774420947,0.17122593718338402,0.6122244488977956,0.6195542036105344,2020-12-09,0.5035155517394666,2020-05-31
236,0.17143007525522602,0.8451949152557456,C,0.9516616314199395,0.7082066869300911,0.7044088176352705,0.6603307578228041,2020-06-24,0.2528604736416611,2020-01-13
237,0.4831861037237826,0.6277707632693907,E,0.5720040281973816,0.3789260385005066,0.17034068136272543,0.4274368180473018,2020-02-02,0.46174891194954837,2020-03-31
238,0.3636145052814313,0.497019279205412,B,0.6424974823766364,0.6139817629179332,0.2725450901803607,0.5716018634101407,2020-02-27,0.340319057145716,2020-07-18
239,0.5770653157053903,0.7234514457928073,C,0.5045317220543807,0.790273556231003,0.8897795591182364,0.4838420803195955,2020-07-19,0.450871837499753,2020-03-14
241,0.4601106408248305,0.3127146043327495,D,0.8841893252769385,0.0972644376899696,0.5350701402805611,0.5352585648348288,2020-02-04,0.5936036476889169,2020-10-02
242,0.5280878540358178,0.6547320748238623,E,0.8429003021148036,0.5258358662613981,0.39078156312625245,0.35949378719738473,2020-05-04,0.47197389803316186,2020-11-23
243,0.4601106408248305,0.6741796987126125,C,0.11681772406847934,0.403242147922999,0.940881763527054,0.86330215912721,2020-11-16,0.5162986504510986,2020-11-24
244,0.287703872204481,0.48701051043559324,D,0.4763343403826788,0.9716312056737589,0.6933867735470941,0.22771192212784125,2020-02-11,0.5320360630736429,2020-03-11
245,0.40975001174782394,0.8005914466407051,E,0.6173212487411883,0.2877406281661601,0.32665330661322645,0.4341736153181048,2020-03-25,0.46174891194954837,2020-03-18
247,0.36480667240698084,0.5663094871083887,D,0.8590130916414904,0.16109422492401218,0.8476953907815631,0.6336425597052825,2020-04-20,0.44627647884177035,2020-05-09
248,0.7057685939651244,0.5512322146131885,A,0.5216515609264853,0.32320162107396155,0.16132264529058116,0.518078758176427,2020-09-27,0.73754105958006,2020-02-12
249,0.5139906473113987,0.545695310680664,B,0.23061430010070494,0.5288753799392097,0.814629258517034,0.5253497014450365,2020-11-20,0.8849692557417108,2020-01-08
250,0.27916319596178596,0.33732714868144287,D,0.8982880161127895,0.18541033434650459,0.4519038076152304,0.6043184733497728,2020-04-14,0.5827211326558179,2020-01-13
251,0.58628840888877,0.5512322146131885,A,0.05639476334340383,0.0,0.20541082164328656,0.5352585648348288,2020-11-15,0.5039655689242333,2020-07-31
252,0.7560508064722193,0.8415955565948856,C,0.2517623363544814,0.18541033434650459,0.5901803607214429,0.5352585648348288,2020-02-10,0.5692753957540596,2020-04-20
254,0.24272591738493074,0.3569828054334644,B,0.5216515609264853,0.7933130699088146,0.32665330661322645,0.6823309739785455,2020-03-11,0.496079849427137,2020-01-23
255,0.38864303941836476,0.1392174251962779,D,0.34441087613293053,0.8804457953394124,0.6082164328657315,0.37198812586294755,2020-02-25,0.3459873902619381,2020-10-28
256,0.6354918568256558,0.42303042305283256,D,0.6696878147029204,0.1722391084093212,0.6593186372745491,0.5216374090197667,2020-08-23,0.5504024118430614,2020-09-10
257,0.35714664393196566,0.29482070647389114,D,0.1188318227593152,0.9625126646403243,0.001002004008016032,0.4843287985581059,2020-10-07,0.46174891194954837,2020-01-15
258,0.5194653757561043,0.8504992349307963,B,0.47935548841893255,0.8156028368794326,0.009018036072144287,0.36533152351168274,2020-04-14,0.4096431941409447,2020-05-09
259,0.5660984008209472,0.7320215084502926,D,0.31319234642497484,0.652482269503546,0.4338677354709419,0.5958154472133999,2020-06-10,0.1581480674254721,2020-03-01
260,0.3262386876168768,0.41381218359845984,C,0.5015105740181268,0.8976697061803445,0.12424849699398796,0.44430279802740824,2020-07-09,0.27321272112791695,2020-04-24
261,0.44851177170022766,0.9648957406812779,A,0.7180261832829808,0.3080040526849038,0.08016032064128256,0.6456395122151136,2020-01-09,0.5248603450365893,2020-11-15
262,0.0,0.5512322146131885,C,0.04229607250755287,0.690982776089159,0.4849699398797595,0.35443140989073163,2020-02-29,0.32334063281410697,2020-11-03
263,0.31250071386163397,0.4819003454490147,C,0.405840886203424,0.018237082066869303,0.6523046092184368,0.8251367746902685,2020-10-31,0.641600591417824,2020-11-20
265,0.2810099360984571,0.9721121408068643,C,0.1309164149043303,0.6747720364741642,0.14929859719438876,0.5720438775551308,2020-11-02,0.5410614792368111,2020-09-05
266,0.6870143004384243,0.5512322146131885,B,0.19637462235649547,0.7943262411347518,0.8006012024048096,0.6686674721333314,2020-07-06,0.3409563098157362,2020-06-23
267,0.4601106408248305,0.2344180671667216,A,0.24572004028197383,0.7912867274569402,0.8737474949899798,0.5352585648348288,2020-03-10,0.5298988277700155,2020-12-04
268,0.39487218989099865,0.7344115616852173,C,0.3101711983887211,0.0851063829787234,0.3396793587174348,0.6788957845948491,2020-10-19,0.21367477605281204,2020-01-02
269,0.4753324602692556,0.9999999999999999,E,0.5216515609264853,0.5288753799392097,0.1282565130260521,0.32760022515045906,2020-10-13,0.39179119091854503,2020-06-20
270,0.6600706795799447,0.8021967676118866,C,0.36455186304128906,0.7760891590678825,0.43787575150300595,0.7800913860201133,2020-06-17,0.3270677553428847,2020-11-29
273,0.45834521243597554,0.702710919546042,C,0.8066465256797583,0.806484295845998,0.05711422845691382,0.4845455136368464,2020-01-14,0.26344231680821584,2020-03-07
274,0.31854511721008566,0.6850034924190758,D,0.4773413897280967,0.7345491388044579,0.1973947895791583,0.5352585648348288,2020-06-12,0.43296105342691443,2020-04-11
275,0.522042772024885,0.5954726699187477,E,0.3101711983887211,0.8439716312056738,0.21042084168336672,0.4364033126412578,2020-09-01,0.3392367071988977,2020-04-29
276,0.4849630113755642,0.5623036178550445,C,0.49748237663645517,0.35359675785207706,0.9148296593186372,0.4085747066611478,2020-11-30,0.6229068763062824,2020-07-09
277,0.37229361407165806,0.5310453741293004,A,0.7200402819738166,0.3667679837892604,0.9028056112224448,0.4976487614294329,2020-01-08,0.6758124677452788,2020-10-30
278,0.4601106408248305,0.401478197902314,D,0.351460221550856,0.5491388044579534,0.044088176352705406,0.3364130207920205,2020-06-02,0.22901324208388243,2020-02-16
279,0.40258728699507296,0.49017550328702253,E,0.4823766364551863,0.2948328267477204,0.09619238476953906,0.842266272178511,2020-02-05,0.6025602176172189,2020-08-09
280,0.4729046008283645,0.2255053989025661,A,0.2064451158106747,0.414387031408308,0.2785571142284569,0.43945120114448927,2020-02-17,0.46174891194954837,2020-01-21
281,0.550239449953766,0.5243462649190698,A,0.702920443101712,0.23708206686930094,0.5350701402805611,0.675376865961904,2020-03-25,0.42477062370915125,2020-06-06
282,0.6804743377328554,0.5512322146131885,A,0.03826787512588117,0.7173252279635258,0.4098196392785571,0.5352585648348288,2020-01-28,0.4717320068600454,2020-12-13
283,0.28241502276055674,0.5512322146131885,A,0.5387713997985901,0.2279635258358663,0.4609218436873747,0.36888680409513885,2020-07-14,0.765575470426515,2020-06-07
284,0.75758409931638,0.5764889508339444,C,0.5689828801611279,0.5288753799392097,0.39078156312625245,0.5340299391214859,2020-07-26,0.46174891194954837,2020-08-22
285,0.1817281862189195,0.80364531644206,C,0.581067472306143,0.17527862208713274,0.49398797595190375,0.6673416193201527,2020-07-22,0.603885339827693,2020-05-29
286,0.43550644971254837,0.7148737667236883,C,0.08660624370594158,0.4620060790273557,0.04308617234468937,0.5032642296249121,2020-11-02,0.27349947188532986,2020-09-13
287,0.4601106408248305,0.2484544303727153,E,0.26082578046324273,0.75177304964539,0.026052104208416832,0.7363822505948572,2020-04-13,0.2621220061648425,2020-06-13
288,0.496512515980318,0.35731342955494394,E,0.8952668680765358,0.3556231003039514,0.49398797595190375,0.7074237832722827,2020-08-17,0.47110774877963296,2020-03-17
290,0.42756492664974516,0.3586516478110579,B,0.9023162134944612,0.5481256332320162,0.9759519038076151,0.4574640666348323,2020-01-29,0.0,2020-02-15
292,0.37382337471491933,0.6458587798930434,C,0.43907351460221555,0.15197568389057753,0.6212424849699398,0.4314870004107534,2020-12-03,0.11415546305485463,2020-07-31
293,0.5766662124855058,0.3613021197079823,C,0.3977844914400806,0.14994934143870317,0.567134268537074,0.5681520813960947,2020-01-10,0.4423877642466543,2020-02-28
294,0.5072291258986562,0.5625237079001691,B,0.39677744209466265,0.4680851063829788,0.7044088176352705,0.6271407421329623,2020-04-15,0.6850494701047368,2020-02-23
295,0.3592272575196367,0.29277129014012854,B,0.7260825780463243,0.596757852077001,0.21843687374749496,0.1685647026448136,2020-06-15,0.8302243881438911,2020-12-07
296,0.583714110237573,0.4300757845396091,E,0.9919436052366566,0.3140830800405269,0.1843687374749499,0.5336656761673523,2020-09-13,0.40663412928892,2020-01-12
297,0.5002209537414914,0.6027047639732241,D,0.8992950654582074,0.0,0.06813627254509018,0.5352585648348288,2020-10-21,0.23044529211318796,2020-07-10
298,0.5714871901796456,0.24423908234161024,B,0.7885196374622356,0.4174265450861196,0.8296593186372745,0.4881970185217388,2020-10-03,0.678945314408606,2020-01-06
299,0.4601106408248305,0.6253233223958157,A,0.5740181268882175,0.0618034447821682,0.12925851703406813,0.7529476908719882,2020-03-05,0.6088926746079976,2020-11-04
301,0.37793723453413003,0.646315648677917,A,0.8036253776435045,0.8571428571428572,0.8907815631262525,0.7561402671938937,2020-07-06,0.36502204787222636,2020-12-11
302,0.4601106408248305,0.5847385607836862,C,0.48741188318227596,0.1914893617021277,0.6092184368737474,0.4985897693136744,2020-11-12,0.3482817568119959,2020-09-17
303,0.5429430843463443,0.7984238367336691,C,0.5216515609264853,0.5167173252279635,0.8486973947895791,0.6932417116433901,2020-05-17,0.40967463275130905,2020-03-13
304,0.45395634013324937,0.5662435294040811,B,0.756294058408862,0.8632218844984803,0.5991983967935871,0.5352585648348288,2020-12-08,0.5184699074345769,2020-06-22
306,0.6370077503094872,0.5656949920454761,A,0.5720040281973816,0.7355623100303952,0.6312625250501002,0.3507271656833345,2020-02-03,0.39403125602250044,2020-09-26
307,0.37351231857517747,0.6445930264944555,C,0.9385699899295065,0.684903748733536,0.7204408817635269,0.49222496567302276,2020-04-19,0.5720249761642603,2020-12-27
308,0.5340238716747274,0.5519323748095256,A,0.8439073514602216,0.7862208713272543,0.3336673346693386,0.476785523826342,2020-02-02,0.22229948661191723,2020-08-09
309,0.42840078778602003,0.5503828307579242,D,0.6807653575025175,0.027355623100303955,0.9258517034068136,0.6176004823028411,2020-12-19,0.4045121125774319,2020-02-21
310,0.4262174563303894,0.41121823261713775,A,0.4420946626384693,0.04863221884498481,0.1533066132264529,0.6508625272802042,2020-08-18,0.19042987219492935,2020-04-25
312,0.5732568874193319,0.2799190268656492,A,0.2628398791540786,0.3130699088145897,0.0781563126252505,0.5352585648348288,2020-09-22,0.14704309007748595,2020-02-22
314,0.6409285165838547,0.3096682406633765,E,0.525679758308157,0.6322188449848024,0.8557114228456913,0.7783746621882298,2020-12-05,0.24992862130338253,2020-01-29
315,0.45986350710590473,0.41292109557719303,E,0.5176233635448136,0.5288753799392097,0.4128256513026052,0.4485675698096009,2020-03-05,0.17451579675087237,2020-01-19
316,0.4601106408248305,0.40814185446603674,D,0.6143001007049345,0.4012158054711247,0.5460921843687374,0.5444623333872004,2020-11-28,0.40654134441293033,2020-10-29
317,0.4131662061715577,0.7104899220963103,A,0.053373615307150055,0.9229989868287741,0.6092184368737474,0.48277896429977135,2020-01-01,0.7482021298226655,2020-10-05
318,0.5025985734753408,0.4875003569975755,A,0.824773413897281,0.3789260385005066,0.16833667334669336,0.7284362155355883,2020-05-12,0.5835381789145002,2020-04-26
319,0.4601106408248305,0.77661008345589,D,0.03423967774420947,0.6676798378926039,0.6813627254509017,0.05618280877459486,2020-03-20,0.14985765119717942,2020-04-15
320,0.47057567737450423,0.5512322146131885,C,0.2326283987915408,0.5643363728470111,0.6633266533066132,0.5322317153252236,2020-09-27,0.24523729624975274,2020-11-04
322,0.34156287795558865,0.38622663387180833,A,0.3826787512588117,0.1843971631205674,0.5150300601202404,0.45848005497467126,2020-01-28,0.46174891194954837,2020-12-17
324,0.3150902631797178,0.32021260615790637,D,0.7331319234642497,0.5217831813576495,0.03106212424849699,0.38529086079562597,2020-01-23,0.46174891194954837,2020-09-17
325,0.4601106408248305,0.6008379706105189,C,0.7150050352467271,0.5187436676798379,0.2865731462925851,0.6652816570363747,2020-04-18,0.7179544243769156,2020-01-16
327,0.568498829822972,0.6203241466850486,C,0.2960725075528701,0.14589665653495443,0.04208416833667334,0.7479263650728901,2020-05-24,0.6398263580789827,2020-06-08
328,0.5448812791426476,0.5080516799795598,D,0.39174219536757304,0.3323201621073962,0.9038076152304608,0.42244131961688497,2020-12-19,0.3466831657030228,2020-12-23
329,0.5454769505422288,0.5184465222256787,E,0.20241691842900303,0.11448834853090172,0.6172344689378757,0.41134044684707793,2020-05-18,0.44968326011866766,2020-09-06
330,0.45517636022681773,0.5509862370693918,E,0.3323262839879154,0.8703140830800405,0.0,0.7200054573051918,2020-10-10,0.6830760368642448,2020-08-11
331,0.330421955869435,0.5152266427598232,B,0.5911379657603222,0.27152988855116517,0.5731462925851702,0.6068112360435378,2020-10-24,0.442568343424597,2020-09-12
334,0.5943597079866771,0.4382983847896611,C,0.17321248741188316,0.6180344478216818,0.7364729458917835,0.6002400248972521,2020-05-02,0.2952164341637905,2020-04-21
335,0.43617288815527394,0.28606637401077456,C,0.39274924471299094,0.844984802431611,0.5180360721442885,0.6764142951267451,2020-11-15,0.4637333602379675,2020-04-29
336,0.3405371499095782,0.5262311157007061,B,0.3675730110775428,0.8682877406281662,0.10220440881763526,0.4204092080906163,2020-10-13,0.6280327744414447,2020-07-12
339,0.3774377260493445,0.8499560658033631,B,0.6565961732124874,0.9098277608915907,0.08917835671342685,0.32909591213988987,2020-01-08,0.46174891194954837,2020-01-01
340,0.3409990616330321,0.8571869414299342,D,0.3141993957703928,0.6707193515704154,0.2254509018036072,0.1945926955824685,2020-07-23,0.17066020514317698,2020-02-27
341,0.4912538942729735,0.4390299323168506,D,0.5216515609264853,0.11752786220871327,0.6703406813627254,0.05705706258872911,2020-11-10,0.20568488714954747,2020-04-02
342,0.49143423820131893,0.6494065596049841,B,0.36555891238670696,0.3059777102330294,0.49398797595190375,0.6724006615980433,2020-07-15,0.3823618566750101,2020-08-08
343,0.3854418685348108,0.8479470390649458,B,0.3806646525679759,0.3242147922998987,0.49398797595190375,0.5567400734859695,2020-07-16,0.40431743788662144,2020-07-29
345,0.4896134550211547,0.5046235175848802,E,0.8056394763343403,0.4478216818642351,0.9569138276553105,0.769443878042789,2020-01-20,0.6348057821806957,2020-09-18
346,0.2527746397145644,0.4337651963241335,D,0.5025176233635448,0.5288753799392097,0.20841683366733466,0.6425885107687034,2020-02-17,0.2583055130061259,2020-12-29
347,0.2585006862068253,0.35260417965554025,B,0.23464249748237664,0.6818642350557245,0.09619238476953906,0.8077984770904143,2020-05-09,0.24071955782654028,2020-04-12
348,0.3556277889263812,0.4210971804877811,C,0.1903323262839879,0.4133738601823709,0.07314629258517033,0.2999995308242326,2020-10-19,0.46174891194954837,2020-02-19
349,0.4268143060926188,0.31340192498947095,C,0.6767371601208458,0.010131712259371836,0.49398797595190375,0.5292041484981233,2020-05-11,0.6268011688975084,2020-04-19
350,0.5007295589453391,0.5491631505761371,E,0.9637462235649547,0.1965552178318136,0.1903807615230461,0.2622014581672838,2020-12-21,0.804809743790843,2020-03-28
351,0.6648751528673978,0.3984780819282765,E,0.2175226586102719,0.6352583586626139,0.49398797595190375,0.4963247306640414,2020-02-23,0.5623527857494974,2020-01-20
353,0.4343571071312483,0.2511914873653764,A,0.5216515609264853,0.9574468085106383,0.9609218436873747,0.6407809356425792,2020-09-21,0.26682141052769803,2020-05-12
355,0.4601106408248305,0.698984051450192,E,0.6837865055387714,0.4336372847011145,0.055110220440881756,0.6402398131477488,2020-10-16,0.15987495559626097,2020-02-03
356,0.45429302724425,0.16913763473851956,E,0.9929506545820745,0.7264437689969605,0.7204408817635269,0.653746024774306,2020-02-12,0.46174891194954837,2020-07-26
357,0.4162121775889385,0.612876157624927,E,0.1510574018126888,0.0851063829787234,0.5531062124248497,0.8986963916402397,2020-03-14,0.5587475674267687,2020-10-27
358,0.5023944865865634,0.7728482673171232,C,0.9174219536757301,0.9290780141843972,0.03106212424849699,0.4818259975346419,2020-12-15,0.20207655787140605,2020-07-17
359,0.3402927536528009,0.3160816902087982,E,0.3746223564954683,0.9412360688956434,0.5270541082164328,0.3762296943593606,2020-10-04,0.31375571370644934,2020-03-20
360,0.5301119924101472,0.8562258432745675,C,0.6203423967774421,0.1540020263424519,0.5741482965931863,0.5765634336519802,2020-11-21,0.2875929224106851,2020-03-11
361,0.4601106408248305,0.6213023896197156,A,0.7804632426988922,0.5288753799392097,0.6673346693386772,0.39964363649147294,2020-08-29,0.4153338783979116,2020-06-03
363,0.5135296958875202,0.5323242422489454,A,0.8680765357502517,0.28571428571428575,0.721442885771543,0.5352585648348288,2020-12-15,0.46919116357596735,2020-03-18
364,0.5541883253142665,0.6474095297853423,B,0.9033232628398791,0.18541033434650459,0.8326653306613225,0.4395892829146042,2020-07-12,0.3901640130160264,2020-06-20
365,0.4003449867912466,0.5570195714896712,B,0.7895266868076536,0.6595744680851063,0.49398797595190375,0.5352585648348288,2020-02-01,0.46174891194954837,2020-10-15
366,0.48849173852005295,0.6437418214787537,D,0.5840886203423967,0.4741641337386019,0.18637274549098196,0.6562735629875505,2020-04-15,0.5432847477612824,2020-02-02
367,0.4586777949213277,0.3702359263494284,D,0.9999999999999999,0.8763931104356636,0.4979959919839679,0.5084137719421107,2020-07-22,0.5965185836326197,2020-10-26
368,0.47067155186960113,0.5745149418851695,D,0.4340382678751259,0.11246200607902736,0.4418837675350701,0.4267484070640114,2020-01-01,0.18646463261251278,2020-10-02
369,0.34793599704636147,0.27783709116505134,B,0.9758308157099698,0.5288753799392097,0.12925851703406813,0.8160763755280271,2020-09-01,0.4553915731359757,2020-01-07
370,0.46035777454375626,0.5219312694628593,B,0.20241691842900303,0.6960486322188449,0.6392785571142284,0.5352585648348288,2020-03-12,0.46174891194954837,2020-06-08
373,0.5921255791531759,0.5512322146131885,E,0.7905337361530714,0.6575481256332321,0.19839679358717432,0.2597339226971865,2020-02-22,0.322267873918445,2020-08-01
374,0.7604243990311228,0.7472937933760853,D,0.8872104733131924,0.09321175278622088,0.012024048096192383,0.6160826667775958,2020-01-08,0.39124539494438515,2020-03-10
375,0.34873416759903964,0.6569318562955728,E,0.8378650553877139,0.7527862208713273,0.27054108216432865,0.3569769372188296,2020-11-25,0.6779389388145936,2020-08-03
376,0.4601106408248305,0.33806971173281397,C,0.9848942598187311,0.5288753799392097,0.6012024048096192,0.6738860565035192,2020-02-15,0.6383187995368833,2020-04-13
377,0.48274737951401864,0.4834788539808492,B,0.3363544813695871,0.7406281661600811,0.21442885771543085,0.3725797428685117,2020-11-20,0.46290534458637544,2020-08-02
378,0.7655865757638723,0.7701175193342688,D,0.8690835850956696,0.9918946301925026,0.44388777555110215,0.6519451905987815,2020-04-23,0.6343551793526727,2020-02-23
379,0.34296158101645574,0.5693343065652019,B,0.3363544813695871,0.7152988855116514,0.7905811623246493,0.7216530688854242,2020-05-26,0.07634917397586061,2020-10-20
381,0.37240980125105294,0.6164858355573001,B,0.15609264853977844,0.3890577507598785,0.44689378757515025,0.5774465500493319,2020-05-18,0.2821842993446327,2020-12-01
382,0.15750941639854504,0.578766864552846,C,0.5377643504531722,0.9118541033434651,0.9869739478957915,0.49600094961294744,2020-04-26,0.7574104615436714,2020-07-21
383,0.3827900713244479,0.48484541598501973,A,0.38872104733131924,0.32928064842958465,0.9939879759519037,0.43775940426966264,2020-10-25,0.2911627814790832,2020-10-14
384,0.3498921747442866,0.5512322146131885,D,0.7683786505538771,0.5947315096251267,0.7154308617234468,0.7832837805169599,2020-10-02,0.32598929905374896,2020-02-14
386,0.5050780809729368,0.675479534593249,A,0.5730110775427996,0.30901722391084097,0.5370741482965932,0.3600216026585529,2020-12-03,0.5749356783743961,2020-07-16
387,0.7213756727900152,0.7220674801405871,A,0.5317220543806647,0.7082066869300911,0.1002004008016032,0.5352585648348288,2020-11-08,0.3929193827419516,2020-08-03
388,0.590878470419405,0.39547654405651167,B,0.06445115810674723,0.5531914893617021,0.1753507014028056,0.4006803549464727,2020-06-26,0.5275825100869872,2020-11-04
391,0.4601106408248305,0.6379763378482761,B,0.6062437059415912,0.5511651469098278,0.1653306613226453,0.45353992451126696,2020-06-02,0.39979916105824154,2020-01-27
393,0.7150728703187368,0.13931103837515668,B,0.5891238670694864,0.6778115501519757,0.4288577154308617,0.5760585285448789,2020-04-24,0.698018676367242,2020-11-13
394,0.6231615716716038,0.615597674397351,A,0.5146022155085599,0.30192502532928067,0.34368737474949895,0.6955754247397266,2020-06-07,0.26460948437341475,2020-09-30
398,0.44075669723467337,0.5581110180111765,E,0.688821752265861,0.7710233029381965,0.6092184368737474,0.6211280205205596,2020-11-21,0.1694395703577221,2020-04-13
399,0.6313905258404923,0.524243186659329,D,0.6868076535750252,0.09827760891590678,0.657314629258517,0.7497912950895376,2020-11-29,0.6464337240095894,2020-09-01
400,0.2321454683841102,0.7150161722478441,C,0.5216515609264853,0.7933130699088146,0.7284569138276552,0.5563513813667598,2020-07-14,0.09938810699165368,2020-10-31
402,0.457641891020162,0.5928866336057065,A,0.050352467270896276,0.8541033434650456,0.8256513026052104,0.36748072041287466,2020-04-20,0.46174891194954837,2020-04-25
403,0.46352529966491657,0.6030638099362061,C,0.3625377643504532,0.6119554204660588,0.12925851703406813,0.2911448313429217,2020-12-24,0.5103400270415099,2020-05-20
404,0.39345958960428035,0.41757152810182074,C,0.6978851963746223,0.7659574468085106,0.3517034068136272,0.6474732104844573,2020-05-24,0.4026490042515757,2020-12-21
406,0.3064064376882203,0.5099871910581298,C,0.7432024169184289,0.1965552178318136,0.31763527054108215,0.6324695830737016,2020-06-27,0.5230479009235217,2020-01-25
407,0.4368323041761204,0.40114450824179104,B,0.7663645518630413,0.8459979736575481,0.9849699398797594,0.5133225277556486,2020-08-28,0.3036536509297505,2020-07-12
408,0.47386009668090034,0.6433208796498312,D,0.9254783484390735,0.03140830800405269,0.6492985971943888,0.7724663992239325,2020-11-21,0.5102136855746546,2020-04-09
409,0.529420185109423,0.3743973916592607,D,0.45216515609264857,0.8642350557244174,0.8366733466933867,0.4533359542372433,2020-11-14,0.46174891194954837,2020-01-05
410,0.5572149520293412,0.5480570219630555,D,0.0986908358509567,0.23606889564336375,0.3366733466933867,0.6962442116691743,2020-11-26,0.49129223937506783,2020-01-19
411,0.29836842361239096,0.5410667484253274,B,0.0715005035246727,0.27862208713272546,0.2725450901803607,0.5284966690404047,2020-06-01,0.3609740490013633,2020-06-18
413,0.6370094314642729,0.6317370114872661,E,0.9144008056394763,0.7831813576494427,0.8186372745490982,0.635029099565593,2020-03-15,0.46174891194954837,2020-09-10
414,0.4601106408248305,0.5512322146131885,C,0.2537764350453172,0.4701114488348531,0.36773547094188375,0.6041642341271855,2020-05-07,0.4205232244247525,2020-04-30
415,0.4601106408248305,0.6960300335691973,A,0.2598187311178248,0.07193515704154002,0.09318637274549098,0.5952768686286725,2020-07-17,0.5099399885968725,2020-02-01
416,0.6755596427272922,0.8033089718564153,D,0.3272910372608258,0.09929078014184398,0.16733466933867733,0.5487512316814033,2020-06-02,0.3388836703578678,2020-05-28
418,0.6231414227174142,0.5447158466414179,E,0.17724068479355487,0.18034447821681868,0.7154308617234468,0.9380918288262675,2020-10-04,0.8603169769221086,2020-02-06
419,0.46642040694297504,0.2969296916013039,A,0.8932527693856999,0.9837892603850051,0.34068136272545085,0.5352585648348288,2020-12-10,0.46174891194954837,2020-06-25
420,0.7473944373923866,0.3431669872045714,B,0.7673716012084592,0.7983789260385005,0.6613226452905812,0.6570176967730292,2020-01-19,0.45361299492437046,2020-12-07
422,0.4218076804059322,0.42854944527307404,E,0.6868076535750252,0.9088145896656535,0.6953907815631262,0.7050007228511437,2020-01-26,0.2952156331032829,2020-07-01
423,0.4601106408248305,0.5077361549324229,A,0.021148036253776436,0.24214792299898685,0.9258517034068136,0.5352585648348288,2020-06-17,0.5357638692922007,2020-05-24
424,0.547877633249859,0.5512322146131885,D,0.2719033232628399,0.7213779128672746,0.15130260521042083,0.5394571070058668,2020-01-23,0.47242660992908303,2020-09-21
425,0.6498307946762203,0.6420433160687898,C,0.6505538771399798,0.2826747720364742,0.5861723446893787,0.5352585648348288,2020-02-16,0.6164465782998955,2020-03-28
426,0.32088303562022363,0.5512322146131885,A,0.29506545820745217,0.6413373860182371,0.877755511022044,0.5352585648348288,2020-01-13,0.5999047763664858,2020-02-15
427,0.5536114247804028,0.6339490417958543,B,0.9577039274924471,0.1914893617021277,0.9138276553106212,0.0,2020-08-04,0.6147471691210198,2020-04-28
428,0.6061026974372882,0.5548585970181356,E,0.7985901309164148,0.795339412360689,0.27354709418837675,0.570575429793676,2020-11-17,0.31521257349052556,2020-01-19
429,0.2089833800402103,0.1725613696645703,E,0.08559919436052366,0.3181357649442756,0.5541082164328657,0.45260057662963915,2020-07-12,0.5719725723048338,2020-08-07
430,0.29010560566914,0.36673859248243496,C,0.4773413897280967,0.5055724417426545,0.4959919839679358,0.8038107170234459,2020-05-23,0.5759760103229158,2020-08-20
433,0.5580505001945596,0.5512322146131885,A,0.5216515609264853,0.7882472137791287,0.49398797595190375,0.5266171669784058,2020-03-17,0.22663085405621472,2020-09-06
434,0.6686813044880517,0.8296476297072837,D,0.36153071500503525,0.9625126646403243,0.0811623246492986,0.35849349663535307,2020-06-17,0.5766925449571655,2020-10-08
435,0.4673474297923706,0.7711790154839842,C,0.8590130916414904,0.9412360688956434,0.5290581162324649,0.6149261534441404,2020-10-13,0.5759349994393534,2020-08-19
437,0.2623577937162259,0.8221467606849855,D,0.34743202416918434,0.502532928064843,0.013026052104208416,0.6966779863149004,2020-06-30,0.42874237073835975,2020-02-15
438,0.2167867429091483,0.5706368802950142,A,0.6535750251762336,0.7284701114488349,0.43286573146292584,0.40156718040433614,2020-11-10,0.5407675430945419,2020-01-14
439,0.4490724790332983,0.4796037619161087,A,0.39677744209466265,0.596757852077001,0.156312625250501,0.5407739839798154,2020-10-23,0.46174891194954837,2020-03-25
440,0.5110422027851519,0.5512322146131885,E,0.24874118831822759,0.060790273556231005,0.7354709418837675,0.3046764366886808,2020-04-21,0.34227111530598725,2020-11-14
441,0.452293927379688,0.48609106216522946,D,0.7804632426988922,0.2380952380952381,0.1312625250501002,0.653417731109512,2020-08-17,0.3172279406791123,2020-11-23
442,0.4601106408248305,0.4700290293658148,C,0.8811681772406847,0.6372847011144883,0.33767535070140275,0.6225985294289912,2020-04-05,0.34737717453266526,2020-01-03
443,0.44433998028086413,0.5512322146131885,C,0.8026183282980865,0.7213779128672746,0.4038076152304609,0.6187059294958417,2020-06-16,0.40889917528683184,2020-01-28
444,0.27301919351551535,0.5728682345824397,D,0.4561933534743203,0.9402228976697062,0.375751503006012,0.5353080687618781,2020-06-04,0.32305931716274566,2020-06-05
445,0.5513025843704686,0.5433465458485771,E,0.6978851963746223,0.8541033434650456,0.8887775551102204,0.6050311057374137,2020-04-14,0.3544677949854522,2020-12-08
446,0.5085799521900701,0.6246605482101595,B,0.9174219536757301,0.6038500506585613,0.5591182364729459,0.5352585648348288,2020-07-11,0.6114877720620919,2020-11-28
447,0.32441329758534915,0.7659099870180829,A,0.4964753272910373,0.5825734549138805,0.1062124248496994,0.4869228951708391,2020-11-25,0.45055427753845384,2020-11-27
448,0.3844658686607233,0.5512322146131885,E,0.9506545820745216,0.9351570415400203,0.6202404809619237,0.5352585648348288,2020-05-11,0.516926912890284,2020-06-23
449,0.3075915108316261,0.2644968798274187,D,0.9718026183282981,0.5612968591691996,0.26452905811623245,0.3517422949714926,2020-12-20,0.3757295201670662,2020-04-23
450,0.4480672070355546,0.06415549922622488,A,0.9264853977844915,0.3363728470111449,0.20440881763527052,0.3885088230849692,2020-05-17,0.364918634883904,2020-11-26
451,0.5915436075906647,0.717872882520211,C,0.5055387713997985,0.9716312056737589,0.0781563126252505,0.5515416241668841,2020-11-26,0.5134452114154584,2020-09-06
452,0.3179506153799856,0.5512322146131885,B,0.30010070493454183,0.9250253292806484,0.15430861723446893,0.7213325096753831,2020-09-26,0.48718013464860516,2020-02-28
454,0.38215536630135444,0.32348947412291135,D,0.8026183282980865,0.7274569402228976,0.9889779559118236,0.49522203228551864,2020-02-14,0.68076414513667,2020-11-10
455,0.34513601795405435,0.20507371518189155,A,0.5961732124874118,0.5227963525835866,0.9979959919839678,0.5352585648348288,2020-06-11,0.3525600839182388,2020-08-26
458,0.4601106408248305,0.4347341816462523,E,0.459214501510574,0.5531914893617021,0.8587174348697394,0.2823605734061025,2020-06-17,0.46174891194954837,2020-04-04
459,0.2880447962058289,0.05719877076144353,B,0.9204431017119838,0.9635258358662614,0.9488977955911823,0.7512037009770963,2020-10-11,0.33693348638734716,2020-05-20
460,0.7338586595811856,0.44040620344538955,E,0.10876132930513595,0.18338399189463023,0.5380761523046091,0.4227394790748625,2020-09-30,0.5801520895468598,2020-11-29
461,0.4618736160274359,0.6162021339487279,E,0.4300100704934542,0.894630192502533,0.7294589178356713,0.6568618639844807,2020-01-20,0.2873759082179683,2020-04-22
462,0.35826645770918114,0.2656187671854407,D,0.9929506545820745,0.04660587639311044,0.1533066132264529,0.3207123656742711,2020-08-26,0.4413744265548171,2020-04-18
463,0.48706622784300047,0.5771384567502819,B,0.35246727089627394,0.430597771023303,0.1533066132264529,0.6479069960322286,2020-09-26,0.7209686497333689,2020-12-27
464,0.44106848126714443,0.5399065453711384,A,0.9284994964753273,0.10030395136778116,0.49398797595190375,0.6484309015420636,2020-11-05,0.46174891194954837,2020-12-10
465,0.42575391011555763,0.6513384196831671,A,0.6938569989929506,0.11854103343465046,0.09118236472945891,0.5998720341719119,2020-01-31,0.8294013607567865,2020-10-15
466,0.5434782457835746,0.5651857846515127,C,0.20241691842900303,0.8480243161094225,0.43286573146292584,0.3672170324742353,2020-11-09,0.46555167107781914,2020-04-06
467,0.5636841992132646,0.3604167225705166,A,0.7673716012084592,0.7031408308004052,0.33767535070140275,0.5352585648348288,2020-04-13,0.627098810832298,2020-11-30
468,0.4601106408248305,0.7670204102253586,D,0.23061430010070494,0.9250253292806484,0.47995991983967934,0.3353845971304548,2020-06-18,0.5327765421986034,2020-01-16
469,0.37573294879616426,0.5130663064439926,E,0.5216515609264853,0.851063829787234,0.6933867735470941,0.4923790118030909,2020-07-04,0.5416848783023628,2020-02-13
470,0.41813026949918286,0.5376586681525736,E,0.351460221550856,0.3181357649442756,0.13026052104208416,0.7087565850516429,2020-05-07,0.23157092642368082,2020-08-17
473,0.6495830796526129,0.3769583451503232,A,0.7079556898288015,0.10131712259371833,0.8106212424849699,0.3705283936697762,2020-09-09,0.4097183274113497,2020-09-16
474,0.4601106408248305,0.5103645699626027,D,0.8529707955689828,0.9473150962512665,0.7875751503006011,0.6439829634014969,2020-01-19,0.48928303199841466,2020-11-07
479,0.6147227192393991,0.5035471853752174,D,0.062437059415911385,0.7061803444782169,0.6963927855711423,0.5352585648348288,2020-01-03,0.5845075695782431,2020-02-01
480,0.43887091369461834,0.41738744197291455,E,0.5709969788519638,0.4690982776089159,0.8316633266533066,0.3501991343522487,2020-08-23,0.495696589619549,2020-08-18
482,0.23045126716558825,0.4292797032823884,A,0.3796576032225579,0.19452887537993924,0.8757515030060119,0.5821324901000091,2020-08-15,0.46174891194954837,2020-07-09
483,0.48558380937664075,0.8849809225220133,D,0.013091641490433032,0.2026342451874367,0.04809619238476953,0.5842385598255597,2020-05-21,0.385558669298848,2020-12-26
484,0.35028432539665855,0.6698230950661536,E,0.5216515609264853,0.6170212765957447,0.567134268537074,0.2497204081491589,2020-01-09,0.46174891194954837,2020-07-18
485,0.2564158345492433,0.5512322146131885,D,0.4471299093655589,0.26747720364741645,0.6663326653306613,0.36990517528742173,2020-07-08,0.6195281833852494,2020-11-29
486,0.365759075768245,0.947068256929372,C,0.06847935548841892,0.0618034447821682,0.3547094188376753,1.0000000000000002,2020-12-15,0.3952723452122215,2020-06-09
487,0.3044431480734151,0.42926107825962095,C,0.5709969788519638,0.6757852077001013,0.7124248496993988,0.48346059488523685,2020-06-13,0.7640907599263587,2020-03-27
489,0.5811823761744075,0.5988649356664822,A,0.6636455186304129,0.2340425531914894,0.8687374749498997,0.4252307647574899,2020-10-02,0.46174891194954837,2020-11-06
490,0.45577885983702154,0.7867298619317736,A,0.2719033232628399,0.7852077001013171,0.8857715430861722,0.18227941669858677,2020-10-17,0.626712379884076,2020-03-16
491,0.6655218856974913,0.8354123072762178,B,0.04229607250755287,0.0911854103343465,0.6302605210420841,0.506302395581468,2020-02-22,0.5691623663513202,2020-05-20
492,0.46780887999922227,0.5487734736346067,E,0.2064451158106747,0.9878419452887538,0.7755511022044087,0.49021193826346054,2020-06-23,0.19401401897394588,2020-05-05
493,0.3354924627888586,0.4015806562461862,D,0.8549848942598187,0.6818642350557245,0.04509018036072144,0.5352585648348288,2020-04-19,0.2960657972806703,2020-09-07
494,0.6716087119586716,0.6289772535304803,E,0.9204431017119838,0.16109422492401218,0.3016032064128256,0.5352585648348288,2020-07-21,0.4474132642318247,2020-03-24
496,0.3106881236288196,0.5512322146131885,E,0.6203423967774421,0.9088145896656535,0.9128256513026052,0.5352585648348288,2020-01-04,0.810684677020379,2020-03-18
498,0.3334718743452274,0.4743122441121217,B,0.6938569989929506,0.5288753799392097,0.18837675350701402,0.6170824383933555,2020-06-20,0.464224819474319,2020-10-11
499,0.26197743380726196,0.5512322146131885,A,0.5377643504531722,0.07497467071935157,0.8226452905811622,0.20606268074678008,2020-12-23,0.4099842244004155,2020-05-15
